,MONO,EMONO,IGM
1000,1.0307692307692309,1.0276923076923077,8.5
2013,1.02,1.01875,3.0
2016,1.0114285714285713,1.0171428571428571,2.0434782608695654
2017,1.0315789473684212,1.028421052631579,11.0
2018,1.0252631578947369,1.028421052631579,8.2
2020,1.020952380952381,1.022857142857143,4.300000000000001
2021,1.0282352941176471,1.0291176470588235,10.600000000000001
4225,0.0,0.0,10.0
91261,0.0,0.0,14.5
abil,1.0191304347826087,1.0215217391304348,3.8695652173913047
abl,1.0189473684210526,1.0200751879699248,3.759124087591241
abnorm,1.031111111111111,0.0,8.0
abstract,1.0191962174940898,1.0218439716312058,4.107142857142858
abund,1.02,1.025,3.25
academ,1.0298181818181817,1.026181818181818,9.785714285714285
academi,1.0333333333333334,0.0,7.0
academia,1.02,1.025,3.25
acceler,1.0215384615384615,0.0,5.199999999999999
accept,1.0274666666666668,1.025,8.10344827586207
acceptor,0.0,0.0,16.0
access,1.0207692307692309,1.0225,4.903614457831325
accid,1.033548387096774,0.0,18.333333333333332
accommod,1.0285714285714285,1.0257142857142858,5.285714285714286
accomplish,1.0141176470588236,1.0194117647058825,2.5652173913043477
accord,1.015157894736842,1.0186315789473683,2.911504424778761
accordingli,1.0171428571428571,1.0185714285714287,2.928571428571429
account,1.0266666666666666,1.0262222222222221,8.605633802816902
accumul,1.0266666666666666,1.0275,6.333333333333333
accur,1.0176923076923077,1.0248076923076923,4.0
accuraci,1.0361290322580645,1.0293548387096774,39.769230769230774
achiev,1.0256488549618321,1.0231297709923663,6.3052631578947365
acknowledg,1.02,0.0,4.0
aclc,1.0167521367521368,1.0215384615384615,3.7222222222222223
acquir,1.015,1.020625,2.894736842105263
acquisit,1.0258823529411765,1.026470588235294,6.5
across,1.0218181818181817,1.029090909090909,6.4
action,1.023030303030303,1.028181818181818,6.699999999999999
activ,1.0149282296650717,1.0198086124401913,2.9419087136929463
actual,1.0136363636363637,1.0177272727272728,2.5254237288135593
ad,1.0114285714285713,1.0171428571428571,2.142857142857143
adapt,1.0292063492063492,1.0271428571428571,10.517241379310345
addit,1.0133333333333334,1.0198039215686274,2.6721311475409832
address,1.0179775280898877,1.0229213483146067,3.8571428571428568
adequ,1.024,0.0,5.5
adhoc,1.0342857142857143,0.0,13.0
adjust,1.022,1.024,4.882352941176471
admin,0.0,0.0,79.0
administ,1.0133333333333334,1.02,2.3846153846153846
administr,1.0046666666666666,1.0165,1.4615384615384617
admiss,1.024,0.0,6.4
adopt,1.0158333333333334,1.01875,3.017699115044248
advanc,1.014181818181818,1.021,2.933884297520661
advantag,1.0133333333333334,1.0192857142857144,2.5555555555555554
advent,1.022857142857143,1.0257142857142858,4.0
advertis,1.0313253012048194,1.0271084337349397,13.1875
advis,1.0266666666666666,1.0266666666666666,5.5
advisori,0.0,0.0,14.5
affect,1.0197402597402598,1.022987012987013,4.67741935483871
afford,1.0266666666666666,1.0266666666666666,7.0
aforement,1.0133333333333334,1.02,2.090909090909091
africa,1.025,1.02625,4.75
age,1.0188235294117647,1.0229411764705882,3.6666666666666665
agenc,1.0177777777777777,1.0227777777777778,3.769230769230769
agenda,1.0266666666666666,1.0266666666666666,5.5
agent,1.02,1.0225,3.8235294117647056
aggreg,1.0177777777777777,1.02,3.0869565217391304
agil,1.0365714285714285,0.0,28.428571428571427
agre,1.018181818181818,1.0218181818181817,3.142857142857143
agreement,1.0218181818181817,1.0245454545454546,4.2727272727272725
agricultur,1.0208333333333333,1.02625,5.838709677419354
agusan,1.0212244897959184,1.0251020408163265,5.656716417910448
aid,1.0153846153846153,1.0184615384615385,2.5789473684210527
aim,1.011324200913242,1.0163013698630137,2.219672131147541
alarm,1.0305882352941176,1.0282352941176471,12.142857142857142
alcohol,0.0,0.0,95.5
alcoholrel,0.0,0.0,10.0
alert,1.0376470588235294,0.0,20.200000000000003
algorithm,1.0370967741935484,1.0298790322580644,61.0
align,1.010909090909091,1.0163636363636364,1.9473684210526314
allevi,1.022857142857143,1.0235714285714286,4.428571428571429
alloc,1.01,1.015,1.8823529411764706
allow,1.0145762711864408,1.021864406779661,3.031496062992126
almost,1.01,1.015,1.75
along,1.0145454545454546,1.019090909090909,2.791044776119403
alreadi,1.0176744186046511,1.0216279069767442,3.7142857142857144
alstudi,0.0,0.0,10.0
alter,1.0133333333333334,1.02,2.2
altern,1.0164285714285715,1.0198214285714287,3.123076923076923
although,1.0244444444444445,1.0266666666666666,6.076923076923077
alway,1.0184615384615385,1.021923076923077,3.6666666666666665
ambigu,1.022857142857143,1.0257142857142858,4.0
american,1.02,1.0225,3.4000000000000004
ammonia,0.0,0.0,13.0
among,1.0229411764705882,1.0253676470588236,6.086956521739131
amount,1.025050505050505,1.023030303030303,6.027027027027027
ampayon,1.0266666666666666,0.0,6.142857142857142
amzi,1.02,0.0,3.571428571428571
analys,1.0057142857142858,1.0214285714285714,1.6
analysi,1.0144092219020173,1.0203170028818445,2.913265306122449
analyt,1.0246153846153847,1.0253846153846153,6.333333333333333
analyz,1.0144,1.0204,2.928571428571429
anchor,0.0,0.0,10.0
android,1.0327777777777778,0.0,24.599999999999998
angular,1.0342857142857143,0.0,8.2
anim,1.0261538461538462,1.0242307692307693,6.1
annual,1.0345454545454547,1.0279545454545453,18.538461538461537
anoth,1.0133333333333334,1.0185714285714287,2.5555555555555554
answer,1.016,1.0234545454545454,3.4905660377358494
apach,1.0355555555555556,0.0,10.600000000000001
apart,1.01,1.015,1.75
appeal,1.02,0.0,3.571428571428571
appear,1.0066666666666666,1.02,1.6
appli,1.007787610619469,1.0183185840707965,1.8198757763975155
applic,1.024505119453925,1.025494880546075,7.0
appreci,0.0,0.0,10.0
approach,1.02544,1.02484,7.115384615384615
appropri,1.0175342465753425,1.0213698630136987,3.5945945945945947
approv,1.0272727272727273,1.0272727272727273,7.9230769230769225
approxim,1.0107692307692309,1.0161538461538462,2.024390243902439
aqua,0.0,0.0,14.5
aquino,1.02,0.0,6.25
arab,1.0,0.0,1.0
arabia,1.0177777777777777,1.0216666666666667,3.526315789473684
architectur,1.0388235294117647,0.0,67.0
arduino,1.0354838709677419,0.0,31.0
area,1.013083109919571,1.019544235924933,2.702325581395349
aris,1.016,1.021,2.7142857142857144
around,1.0180952380952382,1.02,3.4255319148936167
arrang,1.0272000000000001,1.0228,6.1
array,1.0266666666666666,0.0,6.142857142857142
arriv,1.0142857142857142,1.0192857142857144,2.5
articl,1.0184126984126984,1.026190476190476,4.782608695652174
artifact,1.025,0.0,5.285714285714286
artifici,1.03,1.0279545454545453,11.421052631578949
asid,1.032,1.027,7.857142857142857
aspect,1.028421052631579,1.0258552631578948,9.307692307692307
assess,1.0197619047619049,1.0217857142857143,4.4825174825174825
asset,1.033103448275862,1.0279310344827586,14.09090909090909
assign,1.0142222222222221,1.0186666666666666,2.7142857142857144
assist,1.019764705882353,1.023294117647059,4.4520547945205475
associ,1.0251428571428571,1.0254285714285714,7.2857142857142865
assum,1.0285714285714285,0.0,6.0
assumpt,1.032,1.027,7.857142857142857
assur,1.016,1.018,2.8
attack,1.0368253968253969,0.0,39.66666666666667
attain,1.0142857142857142,1.0192857142857144,2.5
attempt,1.0147826086956522,1.0202173913043477,3.0
attend,1.0171428571428571,1.0257142857142858,3.571428571428571
attent,1.0143589743589743,1.0207692307692309,2.8666666666666667
attitud,1.0,0.0,1.0
attract,1.022857142857143,1.0242857142857142,5.800000000000001
attribut,1.0233766233766233,1.0296103896103896,8.297297297297298
augment,1.0214634146341464,1.0248780487804878,5.258064516129032
authent,1.0225,1.02625,5.909090909090909
author,1.0155844155844156,1.021038961038961,3.2222222222222223
auto,1.0133333333333334,1.02,2.2
autom,1.0289430894308944,1.0297560975609756,14.692307692307692
automat,1.0296153846153846,1.0285576923076922,13.833333333333332
automot,1.0184615384615385,1.0253846153846153,3.769230769230769
avail,1.0142331288343558,1.0200613496932516,2.851063829787234
avenu,1.024102564102564,1.0288461538461537,8.23076923076923
averag,1.0217857142857143,1.0211607142857142,4.519230769230769
avoid,1.0171428571428571,1.024,4.0
awar,1.0148837209302326,1.0212790697674419,3.0425531914893615
baan,0.0,0.0,55.0
babi,0.0,0.0,19.0
bachelor,1.0186666666666666,1.028,4.6521739130434785
back,1.0145454545454546,1.0204545454545455,2.7142857142857144
background,1.03,1.02625,6.142857142857142
backyard,0.0,0.0,10.0
bacteria,1.0307692307692309,0.0,9.571428571428571
balanc,1.016,1.02,3.1176470588235294
bank,1.012,1.018,2.3170731707317076
baon,0.0,0.0,10.0
barangay,1.0305405405405406,1.0289864864864864,16.40909090909091
barrier,1.0,0.0,1.0
base,1.015,1.0211458333333334,3.103896103896104
basi,1.017391304347826,1.0208695652173914,3.5
basic,1.016,1.02,3.2153846153846155
bayanihan,0.0,0.0,23.5
beauti,0.0,0.0,13.0
becam,1.02,1.025,3.25
becom,1.0151937984496124,1.018139534883721,2.849056603773585
begin,1.004,1.024,1.375
behavior,1.0245925925925925,1.0282222222222221,8.78125
behaviour,1.0308695652173914,1.028695652173913,15.689655172413792
believ,1.0151724137931035,1.0217241379310344,3.0
bend,0.0,0.0,10.0
benefici,1.017391304347826,1.0234782608695652,3.5
beneficiari,1.0304761904761905,1.0271428571428571,9.727272727272727
benefit,1.017910447761194,1.0203731343283582,3.6277372262773726
besid,1.022857142857143,1.0257142857142858,5.235294117647059
best,1.0195,1.021375,4.12
better,1.0162962962962963,1.0225,3.5384615384615383
beverag,1.02,0.0,4.0
beyond,1.02,1.02625,3.6666666666666665
bia,1.0133333333333334,1.02,2.2
bigger,1.02,0.0,3.571428571428571
bill,1.022857142857143,1.0241558441558443,5.714285714285714
billion,1.0285714285714285,1.0214285714285714,4.75
blind,1.022857142857143,0.0,4.428571428571429
block,1.0266666666666666,1.0263636363636364,7.6000000000000005
blood,1.0303030303030303,1.028181818181818,11.714285714285715
blue,1.02,0.0,3.571428571428571
board,1.0336842105263158,1.026842105263158,10.600000000000001
bodi,1.0275,1.0253125,7.2857142857142865
book,1.0222222222222221,1.0225,4.870967741935484
boost,1.0084210526315789,1.0173684210526315,1.7741935483870968
bootstrap,1.0256,0.0,8.384615384615385
borrow,1.0248275862068965,1.0262068965517241,7.612244897959183
boulevard,1.02,0.0,3.571428571428571
boundari,1.024,1.028,5.909090909090909
brand,1.0284507042253521,1.0297887323943662,14.772727272727273
bread,1.02,0.0,4.0
breadboard,0.0,0.0,13.0
break,1.022857142857143,1.0235714285714286,4.428571428571429
breath,1.0338461538461539,0.0,12.0
brgi,1.02,0.0,4.6
bring,1.018181818181818,1.0218181818181817,3.5
browser,1.0369230769230768,0.0,15.399999999999999
budget,1.0136842105263157,1.0189473684210526,2.6595744680851063
buenavista,1.0177777777777777,1.0233333333333334,3.6666666666666665
build,1.0163265306122449,1.0225,3.5668449197860963
built,1.03,1.028125,9.0
burden,1.026,1.0255,6.2
bureau,1.0252631578947369,1.028421052631579,7.0
busi,1.0280719794344473,1.0278791773778921,11.847682119205297
button,1.0363636363636364,0.0,13.0
butuan,1.0172972972972973,1.0222162162162163,4.070362473347548
buy,1.034857142857143,1.0295714285714286,27.14285714285714
buyer,1.0155555555555555,1.0216666666666667,3.0999999999999996
buzzer,0.0,0.0,26.5
cage,0.0,0.0,32.5
calam,0.0,0.0,32.5
calcul,1.0176470588235293,1.0238235294117648,3.903225806451613
call,1.0145454545454546,1.0196363636363637,2.935483870967742
came,1.0218181818181817,1.0254545454545454,5.153846153846153
camera,1.03,1.029625,15.399999999999999
campaign,1.0340740740740741,1.028888888888889,16.333333333333332
camscann,1.0333333333333334,0.0,13.857142857142858
capabl,1.0157575757575759,1.019090909090909,3.0
capac,1.010909090909091,1.0163636363636364,2.0588235294117645
capit,1.0347540983606558,1.0297540983606557,31.285714285714285
captur,1.0195555555555555,1.0253333333333334,4.882352941176471
caraga,1.028780487804878,1.0274390243902438,11.411764705882353
card,1.020952380952381,1.0271428571428571,5.125
care,1.0155223880597015,1.021492537313433,3.1666666666666665
carri,1.0093023255813953,1.016046511627907,1.8955223880597014
case,1.0235849056603774,1.0254716981132075,6.474452554744525
cash,1.0256521739130435,1.0277173913043478,9.045454545454545
cashier,1.0305882352941176,0.0,10.75
cashless,0.0,0.0,14.5
cast,1.0333333333333334,0.0,7.0
categor,1.0,0.0,1.0
categori,1.018181818181818,1.0218181818181817,3.941176470588235
cater,1.0187755102040816,1.0275510204081633,4.942857142857143
caus,1.0186666666666666,1.022,4.0
cbtm,0.0,0.0,10.0
celebr,1.03,1.025,7.75
cell,1.0233333333333334,1.0275,5.199999999999999
cement,1.02,0.0,5.285714285714286
center,1.0167901234567902,1.0244444444444445,4.044776119402985
central,1.0162962962962963,1.0222222222222221,3.1999999999999997
centuri,1.02,1.025,3.25
certain,1.0208,1.0228,4.545454545454546
certif,1.0275,1.028125,7.6000000000000005
chain,1.0204255319148936,1.0229787234042553,4.789473684210526
challeng,1.0233663366336634,1.0237623762376238,5.783783783783783
chang,1.016842105263158,1.021157894736842,3.526315789473684
channel,1.0186046511627906,1.0251162790697674,4.428571428571429
charact,1.020327868852459,1.0231147540983607,4.72
characterist,1.0146153846153847,1.0201923076923076,2.8688524590163933
charg,1.013793103448276,1.019655172413793,2.7142857142857144
chart,1.03,1.0275,7.75
chatbot,1.0307692307692309,0.0,9.571428571428571
check,1.0233333333333334,1.026875,6.793103448275862
checker,0.0,0.0,10.0
chemic,1.0133333333333334,1.016,2.25
chicken,1.02,0.0,5.3999999999999995
children,1.0278260869565217,1.0260869565217392,7.4
china,1.0285714285714285,1.0267857142857142,9.0
chines,0.0,0.0,16.0
chisquar,1.02,1.0257142857142858,4.230769230769231
choic,1.0179591836734694,1.0244897959183674,4.0
choos,1.0172413793103448,1.021206896551724,3.459016393442623
chosen,1.0137142857142858,1.0197142857142858,2.6744186046511627
citi,1.0196587030716724,1.0221672354948805,4.724137931034483
citizen,1.0171428571428571,1.0171428571428571,2.5
claim,1.0266666666666666,1.0266666666666666,5.5
clariti,1.0133333333333334,1.02,2.090909090909091
class,1.0286567164179103,1.0277611940298508,10.931034482758621
classif,1.01,1.015,1.75
classifi,1.0346666666666666,1.0286666666666666,22.272727272727273
classroom,1.0226086956521738,0.0,6.571428571428571
clean,1.016,1.018,2.7142857142857144
cleanli,1.0213333333333334,1.024,4.428571428571429
clear,1.0184615384615385,1.0253846153846153,3.769230769230769
click,1.035,0.0,9.399999999999999
client,1.0125,1.018375,2.4563106796116507
clientcustom,0.0,0.0,16.0
clientel,1.022857142857143,1.0257142857142858,4.0
clientsid,1.02,0.0,3.571428571428571
climat,1.02,1.024375,4.2
clinic,1.0295238095238095,1.0285714285714285,11.941176470588236
close,1.0139130434782608,1.0195652173913043,2.745454545454545
cloth,1.0061538461538462,1.0253846153846153,1.7058823529411764
cloud,1.0392592592592593,0.0,64.6
coastal,0.0,0.0,10.0
code,1.026813186813187,1.0276923076923077,9.511627906976745
coffe,1.02,0.0,3.571428571428571
cognit,1.032,1.0288,13.0
coin,1.0372727272727273,1.0293181818181818,31.75
collabor,1.031111111111111,1.0275,11.5
collect,1.0252753623188406,1.0243478260869565,7.0
collector,0.0,0.0,16.0
colleg,1.0177272727272728,1.0255681818181819,4.25
collis,1.024,0.0,5.5
color,1.02,1.0233333333333334,4.176470588235294
combin,1.0252631578947369,1.0263157894736843,7.171428571428571
come,1.0133333333333334,1.0189285714285714,2.6
comfort,1.015,1.01875,2.6875
command,1.0222222222222221,0.0,6.0
commerci,1.0258064516129033,1.0290322580645161,8.5
commiss,0.0,0.0,19.0
commit,1.025,1.02625,6.625
commod,1.0235294117647058,1.0247058823529411,5.0
common,1.0149019607843137,1.0211764705882354,3.0
commonli,1.0066666666666666,1.015,1.4615384615384617
commun,1.0129032258064516,1.0164516129032257,2.411764705882353
commut,0.0,0.0,23.5
compani,1.0265612648221345,1.0263241106719367,8.636363636363637
compar,1.011764705882353,1.0176470588235293,2.3636363636363633
comparison,1.0330434782608695,1.028695652173913,13.666666666666668
compet,1.0157142857142858,1.0214285714285714,3.275862068965517
competit,1.0206593406593407,1.0240659340659342,5.086956521739131
competitor,1.0252631578947369,1.028421052631579,7.0
complement,1.022857142857143,1.0257142857142858,4.0
complet,1.012258064516129,1.0174193548387096,2.3734939759036147
complex,1.0305454545454547,1.0283636363636364,13.600000000000001
compli,1.0142857142857142,1.0192857142857144,2.5
complic,1.0355555555555556,0.0,10.600000000000001
compon,1.0186666666666666,1.018,3.5
compos,1.0154838709677418,1.0212903225806451,3.057142857142857
composit,1.022857142857143,1.0271428571428571,5.800000000000001
compound,1.0266666666666666,1.025,4.428571428571429
comprehens,1.0154838709677418,1.0212903225806451,3.0
compris,1.0177777777777777,1.0216666666666667,3.2857142857142856
comput,1.0229019607843137,1.0256470588235294,6.801324503311259
computer,0.0,0.0,10.0
computerbas,0.0,0.0,16.0
concem,1.02,1.025,3.25
concentr,1.016842105263158,1.0221052631578946,3.4000000000000004
concept,1.0118181818181817,1.0170454545454546,2.3
conceptu,1.0125,1.018125,2.4285714285714284
concern,1.0173333333333334,1.0233333333333334,3.9620253164556964
conclud,1.0219469026548673,1.0223008849557522,4.875
conclus,1.0192592592592593,1.021111111111111,3.689655172413793
condit,1.0142105263157895,1.0181578947368422,2.705263157894737
conduct,1.016,1.0231940298507463,3.6019417475728157
conductor,0.0,0.0,14.5
confirm,1.0179310344827586,1.0227586206896553,3.6
confus,1.0133333333333334,1.02,2.090909090909091
congest,1.0210526315789474,0.0,5.615384615384616
connect,1.015774647887324,1.0202816901408451,3.1538461538461537
consequ,1.0176,1.0168,3.0625
consid,1.0136470588235293,1.0195882352941177,2.870967741935484
consider,1.0,0.0,1.0
consist,1.0141935483870967,1.0196774193548388,2.8679245283018866
constant,1.0133333333333334,1.02,2.2
constraint,1.0256,1.024,5.800000000000001
construct,1.015748031496063,1.0219685039370079,3.459016393442623
consult,1.0175,1.024375,3.625
consum,1.0326180257510729,1.0276824034334764,17.52173913043478
consumpt,1.0186666666666666,1.0236,4.387096774193549
contact,1.0316279069767442,1.0265116279069768,11.2
contain,1.016470588235294,1.0211764705882354,3.4705882352941178
content,1.01625,1.020625,3.4375
context,1.0196610169491525,1.0233898305084745,4.4799999999999995
continu,1.0147692307692309,1.0212307692307692,3.0869565217391304
contract,1.0266666666666666,1.025,7.0
contractor,1.02,0.0,4.0
contrast,1.032,0.0,9.0
contribut,1.0164285714285715,1.0225,3.532110091743119
control,1.015187165775401,1.0211764705882354,3.379888268156425
conveni,1.0219354838709678,1.0261290322580645,6.186440677966102
convent,1.0218181818181817,1.0245454545454546,4.2727272727272725
convers,1.0125,1.016875,2.2
convert,1.016,1.021,2.7142857142857144
convey,1.0114285714285713,1.0171428571428571,1.9230769230769231
conveyor,0.0,0.0,10.0
convolut,1.0294444444444444,0.0,14.826086956521738
cooper,1.0201058201058202,1.029047619047619,6.480769230769231
coordin,1.0216216216216216,1.0251351351351352,5.137931034482759
cope,1.02,1.02625,3.6666666666666665
core,1.008,1.018,1.72
corn,1.0304761904761905,1.0285714285714285,10.600000000000001
coronaviru,1.0225,1.02625,5.153846153846153
corpor,1.023111111111111,1.0286666666666666,7.638297872340425
correct,1.0247058823529411,1.0247058823529411,6.478260869565217
correctli,1.0327272727272727,0.0,10.0
correl,1.0263157894736843,1.028421052631579,8.894736842105264
correspond,1.0192,1.0228,4.130434782608695
cost,1.0280851063829788,1.0258510638297873,9.898876404494382
costli,1.0133333333333334,1.02,2.090909090909091
could,1.0176,1.01944,3.391304347826087
count,1.0066666666666666,1.02,1.6
countri,1.0142222222222221,1.0213333333333334,2.900990099009901
coupl,1.0177777777777777,1.0233333333333334,3.1818181818181817
cours,1.0215873015873016,1.026190476190476,5.7441860465116275
court,1.02,1.02,2.8
cover,1.027462686567164,1.0250746268656716,7.731707317073171
covid,1.0251851851851852,1.0255555555555556,6.1
covid19,1.01856,1.02184,4.192660550458716
creat,1.0168,1.02025,3.5074626865671643
creation,1.0129032258064516,1.0183870967741935,2.4634146341463414
creativ,1.02,1.027,4.0
credibl,0.0,0.0,16.0
credit,1.0267980295566503,1.0267487684729064,9.774193548387096
crib,0.0,0.0,10.0
crime,1.024,0.0,8.2
crimin,1.0222222222222221,0.0,4.75
crisi,1.019047619047619,1.0257142857142858,4.157894736842105
criteria,1.02,1.0257142857142858,4.818181818181818
critic,1.0204878048780488,1.0241463414634147,4.9375
crop,1.0171428571428571,1.0225,3.571428571428571
cross,1.0225,1.0225,4.6
crucial,1.0206451612903227,1.022258064516129,4.310344827586206
cultiv,1.0333333333333334,1.0275,9.571428571428571
cultur,1.0253521126760563,1.025774647887324,7.136363636363637
cure,1.024,1.024,4.6
current,1.011340206185567,1.0171649484536083,2.2992125984251968
curriculum,1.0177777777777777,1.0233333333333334,3.1818181818181817
custom,1.0308272859216256,1.0271262699564587,13.693227091633466
cycl,1.0288,1.0256,8.902439024390244
daili,1.024,1.0246666666666666,6.0625
damag,1.0133333333333334,1.02,2.3846153846153846
danger,1.022857142857143,0.0,4.428571428571429
data,1.0192680047225502,1.022172373081464,4.4
databas,1.0189473684210526,1.028421052631579,5.5
dataset,1.0396460176991151,0.0,135.39999999999998
date,1.0175,1.0215625,3.4000000000000004
day,1.022857142857143,1.0238775510204081,5.421052631578947
dead,0.0,0.0,13.0
deadli,1.0333333333333334,0.0,7.0
deal,1.018181818181818,1.0218181818181817,3.5
dealer,1.02,0.0,4.0
death,1.0306666666666666,1.028,11.615384615384615
debit,1.02,0.0,3.571428571428571
decad,1.024,1.024,4.6
decemb,1.024,1.018,4.0
decid,1.0304761904761905,1.0278571428571428,12.294117647058822
decis,1.0136986301369864,1.019931506849315,2.935483870967742
decisionmak,1.0147368421052632,1.0205263157894737,2.75
declar,1.0133333333333334,1.02,2.333333333333333
decreas,1.0215384615384615,1.0265384615384616,5.421052631578947
dedic,1.02,0.0,4.333333333333334
deduct,1.02,0.0,3.571428571428571
deep,1.035,1.0291964285714286,27.727272727272727
defin,1.0213333333333334,1.0253333333333334,5.235294117647059
definit,1.0123076923076924,1.0161538461538462,2.090909090909091
degre,1.0217142857142858,1.0222857142857142,4.454545454545455
delay,1.02,1.024375,4.2
deliv,1.0106666666666666,1.016,2.074626865671642
deliveri,1.0187012987012987,1.0218181818181817,3.9189189189189193
demand,1.0255,1.0241875,7.0
demonstr,1.0232,1.0252,5.9714285714285715
densiti,1.0285714285714285,0.0,6.0
depart,1.0196078431372548,1.0214705882352941,4.225806451612903
department,0.0,0.0,25.0
depend,1.0170588235294118,1.0225,3.5970149253731343
deploy,1.0189473684210526,1.0244736842105264,4.176470588235294
depth,1.0342857142857143,1.0278571428571428,11.285714285714285
deriv,1.0179310344827586,1.0217241379310344,3.689655172413793
describ,1.0170212765957447,1.0217021276595746,3.4489795918367347
descript,1.031413612565445,1.0270157068062826,13.328767123287673
design,1.0156466876971608,1.0222397476340694,3.423452768729642
designmethodologyapproach,1.02,0.0,4.0
desir,1.0142222222222221,1.02,2.745454545454545
despit,1.02,1.0255,4.333333333333334
destin,1.02,1.027,4.0
detail,1.016,1.0197142857142858,3.048780487804878
detect,1.0215384615384615,0.0,7.842696629213483
detector,1.0254545454545454,0.0,8.0
determin,1.0131958762886597,1.017938144329897,2.5737704918032787
develop,1.025563909774436,1.0237687969924811,6.870503597122302
development,0.0,0.0,16.0
devic,1.0269696969696969,1.0288636363636363,10.88888888888889
diagnos,1.0225,0.0,5.909090909090909
diagnosi,1.0304761904761905,0.0,11.666666666666666
diagram,1.0278260869565217,1.027391304347826,8.384615384615385
dietari,0.0,0.0,19.0
differ,1.0148484848484849,1.0197727272727273,2.96
differenti,1.015,1.01875,2.5652173913043477
difficult,1.0213953488372094,1.0244186046511627,5.0588235294117645
difficulti,1.0152380952380953,1.0207142857142857,3.0
digit,1.01664,1.02208,3.496
dilemma,1.022857142857143,1.0257142857142858,4.0
dimens,1.0256410256410255,1.0269230769230768,8.5
dimension,1.0252631578947369,1.0252631578947369,6.142857142857142
dine,1.02,0.0,4.0
direct,1.0171428571428571,1.0205714285714285,3.4324324324324325
directli,1.0216216216216216,1.025945945945946,5.285714285714286
disagre,0.0,0.0,14.5
disast,1.029090909090909,0.0,7.857142857142857
discount,1.02,0.0,5.5
discov,1.0133333333333334,1.02,2.5789473684210527
discoveri,1.0,0.0,1.0
discrimin,1.0266666666666666,1.0266666666666666,5.5
discuss,1.0133333333333334,1.02,2.6296296296296298
diseas,1.0216949152542374,1.027457627118644,6.647058823529411
disinfect,0.0,0.0,73.0
disord,1.02,1.024,3.727272727272727
dispens,0.0,0.0,19.0
display,1.0208695652173914,1.0208695652173914,4.130434782608695
dispos,1.0213333333333334,1.028,5.0
dissatisfi,1.022857142857143,1.0257142857142858,4.0
dissemin,1.01,1.015,1.75
distanc,1.0206896551724138,1.023793103448276,5.090909090909091
distinct,1.0254545454545454,1.0272727272727273,5.666666666666667
distinguish,1.03,0.0,7.0
distribut,1.0147368421052632,1.0210526315789474,3.135593220338983
district,1.0266666666666666,1.025,6.538461538461538
divers,1.0285714285714285,0.0,6.0
divis,1.0282352941176471,1.0282352941176471,8.2
doctor,1.023076923076923,1.0276923076923077,6.294117647058823
document,1.0161290322580645,1.0212903225806451,3.238805970149254
dog,0.0,0.0,11.5
dole,0.0,0.0,28.0
domain,1.0217391304347827,1.0215217391304348,4.409090909090909
domest,1.02,0.0,4.6
domin,1.02,1.0235714285714286,3.8
done,1.0151724137931035,1.019655172413793,2.9411764705882355
door,1.0144,1.0204,2.741935483870968
drastic,1.0266666666666666,1.02,4.0
draw,1.02,1.024375,4.0
dri,0.0,0.0,41.5
drive,1.02,1.0225,4.384615384615385
driven,1.0085714285714287,1.0171428571428571,1.75
driver,1.0220408163265307,1.0244897959183674,5.2631578947368425
drop,1.02,0.0,3.571428571428571
drowsi,0.0,0.0,10.0
drunkdriv,0.0,0.0,16.0
dump,0.0,0.0,10.0
durat,1.01,1.015,1.75
duti,1.0177777777777777,1.0233333333333334,3.1818181818181817
dynam,1.0211428571428571,1.0231428571428571,4.639344262295082
earli,1.0233333333333334,1.0283333333333333,7.0
earlier,1.018181818181818,1.0245454545454546,3.5
earn,1.031304347826087,1.027391304347826,10.818181818181818
earth,1.022857142857143,0.0,5.800000000000001
earthquak,1.0380952380952382,0.0,25.0
eas,1.0215384615384615,1.0276923076923077,4.818181818181818
easi,1.023076923076923,1.0236538461538462,5.5
easier,1.032,1.0274285714285714,13.0
easili,1.028,1.0258,8.777777777777779
ecommerc,1.0278260869565217,1.0260869565217392,7.4
econom,1.02816,1.02808,11.153846153846153
economi,1.0219607843137255,1.026470588235294,5.9411764705882355
edg,1.0281481481481483,1.028888888888889,9.769230769230768
educ,1.0149640287769783,1.0194244604316547,2.902439024390244
effect,1.016536312849162,1.0189385474860335,3.208955223880597
efficaci,1.0266666666666666,0.0,6.142857142857142
effici,1.0203236245954692,1.0251456310679612,5.168141592920354
effort,1.0076923076923077,1.0184615384615385,1.7894736842105263
eight,1.0254545454545454,1.0259090909090909,6.6
either,1.0192592592592593,1.0244444444444445,4.12
elabor,1.0266666666666666,1.025,4.428571428571429
elearn,1.0292682926829269,1.0263414634146342,10.0
electr,1.0184615384615385,1.0223076923076924,4.085714285714285
electron,1.0176923076923077,1.0253846153846153,4.365853658536586
element,1.015294117647059,1.0194117647058825,2.902439024390244
elicit,1.0171428571428571,1.0214285714285714,2.6363636363636362
elimin,1.0328,1.0282,16.375
email,1.0266666666666666,1.0257142857142858,6.6
embed,1.02,1.0278571428571428,5.199999999999999
emerg,1.0194736842105263,1.0221052631578946,4.313432835820896
emot,1.0,0.0,1.0
emphas,1.0222222222222221,1.0166666666666666,3.5
empir,1.0334883720930232,1.027906976744186,16.42857142857143
employ,1.0158024691358025,1.020185185185185,3.169491525423729
employe,1.024780487804878,1.025609756097561,7.568965517241379
empow,1.018181818181818,1.0245454545454546,3.5
empti,1.031111111111111,0.0,8.0
enabl,1.0116923076923077,1.0175384615384615,2.3255813953488373
encount,1.0177777777777777,1.0183333333333333,3.0
encourag,1.02,1.0225,4.0
energi,1.026181818181818,1.0283636363636364,9.0
enforc,1.0254545454545454,1.0272727272727273,5.666666666666667
engag,1.0128,1.0192,2.476923076923077
engin,1.022857142857143,1.0280952380952382,6.837837837837839
english,1.0276923076923077,0.0,7.75
enhanc,1.0142608695652173,1.0182608695652173,2.7697841726618706
enjoy,1.024,1.027,5.0
enough,1.0105263157894737,1.0157894736842106,1.967741935483871
enrol,1.0261538461538462,1.0265384615384616,7.0
ensur,1.0144827586206897,1.0206896551724138,3.0
enter,1.028,1.0225,6.25
enterpris,1.0238805970149254,1.0255223880597015,6.853658536585366
entertain,1.0233333333333334,1.0275,5.199999999999999
entir,1.0193939393939393,1.0236363636363637,4.2
entiti,1.0176,1.0216,3.5384615384615383
entitl,0.0,0.0,44.5
entrepreneur,1.022857142857143,1.0285714285714285,6.142857142857142
entri,1.01,1.015,1.75
environ,1.0145736434108528,1.017906976744186,2.7625
environment,1.0216949152542374,1.0259322033898306,5.571428571428571
envis,1.0336842105263158,1.026842105263158,10.600000000000001
epidem,1.0177777777777777,1.0266666666666666,3.4000000000000004
equal,1.0193103448275862,1.0227586206896553,3.896551724137931
equip,1.0158620689655173,1.023793103448276,3.4210526315789473
equiti,1.02,0.0,4.6
equival,1.0138461538461538,1.0196153846153846,2.6875
error,1.0194285714285714,1.026,4.923076923076923
especi,1.0184070796460176,1.0217699115044248,4.0
essenc,1.02,1.025,3.25
essenti,1.0075,1.015,1.6923076923076923
establish,1.018918918918919,1.0212837837837838,4.065693430656935
estat,1.0257142857142858,1.0289285714285714,8.2
estim,1.0171428571428571,1.0253246753246754,4.142857142857143
ethiopia,1.02,0.0,3.571428571428571
evacu,1.0335714285714286,0.0,22.692307692307693
evacue,1.0366666666666666,0.0,14.200000000000001
evalu,1.0174545454545454,1.0222077922077921,3.9387755102040813
even,1.0138461538461538,1.0184615384615385,2.661538461538462
event,1.0171428571428571,1.0214285714285714,3.571428571428571
eventu,1.022857142857143,1.0257142857142858,4.0
ever,1.016,1.018,2.7142857142857144
everi,1.0189473684210526,1.0215789473684211,3.9189189189189193
evid,1.024,1.024,5.235294117647059
evolut,1.0222222222222221,1.0233333333333334,4.0
evolv,1.0147368421052632,1.0205263157894737,2.8260869565217392
exact,1.0254545454545454,1.0272727272727273,5.666666666666667
exam,1.0393103448275862,0.0,69.4
examin,1.02,1.02175,4.185840707964602
examine,1.0342857142857143,0.0,8.2
exampl,1.0180645161290323,1.0232258064516129,3.7096774193548385
excel,1.02,1.025,4.0
exchang,1.0057142857142858,1.0157142857142858,1.5142857142857142
excit,1.02,1.025,3.25
exclus,1.032,1.027,7.857142857142857
execut,1.0176687116564418,1.0237423312883436,4.085714285714285
exercis,1.025,0.0,5.285714285714286
exhaust,1.0246153846153847,1.0253846153846153,5.363636363636363
exist,1.0124675324675325,1.0175324675324675,2.44
exit,1.008888888888889,1.0166666666666666,1.7058823529411764
expand,1.0242424242424242,1.0254545454545454,6.0
expans,1.0213333333333334,1.024,4.428571428571429
expect,1.0202197802197803,1.0263736263736263,5.6000000000000005
expens,1.0284745762711864,1.0254237288135593,8.636363636363637
experi,1.0188679245283019,1.0249056603773585,4.571428571428571
experienc,1.0155555555555555,1.0233333333333334,3.2105263157894735
experiment,1.0340425531914894,1.0280851063829788,17.0
expert,1.0235789473684211,1.0274736842105263,7.339622641509434
expertis,1.016842105263158,1.0252631578947369,3.526315789473684
explain,1.023030303030303,1.0245454545454546,5.75
exploit,1.03,1.0275,7.75
explor,1.0166666666666666,1.0233333333333334,3.8125
exploratori,1.02,0.0,4.0
exponenti,1.0266666666666666,1.0266666666666666,5.5
export,1.0232,1.0282,7.214285714285715
expos,1.0254545454545454,1.0272727272727273,5.666666666666667
exposur,1.0133333333333334,1.02,2.5
express,1.0148837209302326,1.0195348837209302,2.811320754716981
extend,1.0273684210526315,0.0,8.8
extens,1.0192,1.0222,4.2727272727272725
extent,0.0,0.0,10.0
extern,1.0246153846153847,1.0184615384615385,4.428571428571429
extra,1.0133333333333334,1.02,2.2
extract,1.025925925925926,1.025,7.26865671641791
extrem,1.0266666666666666,1.026,6.454545454545454
face,1.0157983193277311,1.0194117647058825,3.0735294117647056
facebook,1.0182608695652173,1.0241304347826088,4.0
facial,1.0323809523809524,0.0,13.75
facil,1.0179310344827586,1.0217241379310344,3.888888888888889
facilit,1.0145454545454546,1.02,2.894736842105263
fact,1.016551724137931,1.019655172413793,3.057142857142857
factor,1.030066225165563,1.0269205298013244,13.053097345132741
faculti,1.0293333333333334,1.028,8.333333333333334
fail,1.03,1.0275,7.75
failur,1.0,0.0,1.0
fair,1.0266666666666666,1.026,6.454545454545454
fall,1.008888888888889,1.0166666666666666,1.7058823529411764
fals,1.02,1.0278571428571428,4.5
famili,1.0216949152542374,1.021864406779661,4.622641509433962
familiar,1.022857142857143,1.0257142857142858,4.0
fare,0.0,0.0,23.5
farm,1.0363636363636364,1.0286363636363636,29.235294117647058
farmer,1.0254867256637168,1.0286725663716814,9.64
fast,1.019622641509434,1.019811320754717,3.689655172413793
faster,1.023030303030303,1.029090909090909,7.0
fastfood,1.02,0.0,3.571428571428571
favor,1.02,0.0,4.333333333333334
feasibl,1.0375257731958762,1.0296907216494846,61.666666666666664
featur,1.0215384615384615,1.0280566801619433,6.619718309859155
fee,0.0,0.0,14.5
feed,1.0306666666666666,1.027,10.200000000000001
feedback,1.0123076923076924,1.0184615384615385,2.411764705882353
fenc,0.0,0.0,28.0
fertil,1.0329411764705883,1.0282352941176471,11.5
fiction,1.035,0.0,9.399999999999999
field,1.0202898550724637,1.0247826086956522,4.75
fifteen,1.02,1.02625,3.6666666666666665
fifth,1.0333333333333334,1.02875,14.333333333333334
fifti,1.008,1.024,1.8571428571428572
fight,1.0233333333333334,1.025,4.818181818181818
figur,1.0171428571428571,1.0214285714285714,2.8
file,1.0269387755102042,1.0257142857142858,8.333333333333334
filipino,0.0,0.0,16.0
fill,1.008695652173913,1.0182608695652173,1.8571428571428572
final,1.023030303030303,1.0259090909090909,6.066666666666666
financ,1.0195121951219512,1.0248780487804878,4.75
financi,1.0220833333333332,1.02796875,6.8348623853211015
find,1.0194701986754966,1.0204635761589405,3.9898305084745767
finder,0.0,0.0,13.0
fingerprint,1.0342857142857143,0.0,8.2
finish,1.0371428571428571,1.0285714285714285,24.4
fire,1.0372881355932204,0.0,42.25
firm,1.02,0.0,5.666666666666667
first,1.0188819875776398,1.0218012422360248,3.961038961038961
fish,0.0,0.0,32.5
fishpond,0.0,0.0,17.5
fit,1.0133333333333334,1.02,2.5
five,1.0254814814814814,1.0255555555555556,7.449999999999999
fix,1.0123076923076924,1.0184615384615385,2.263157894736842
flame,1.02,0.0,3.571428571428571
flask,1.036,0.0,11.8
flex,0.0,0.0,13.0
float,0.0,0.0,34.0
flood,1.037948717948718,1.0284615384615385,28.75
floor,1.0369230769230768,1.0288461538461537,21.57142857142857
flow,1.0196078431372548,1.0223529411764707,4.260869565217391
flush,0.0,0.0,13.0
focu,1.0266666666666666,1.026190476190476,8.2
focus,1.0171812080536913,1.0219463087248322,3.723404255319149
follow,1.0089119170984455,1.018341968911917,1.9885057471264367
food,1.0160669456066946,1.0235983263598327,3.782608695652174
forc,1.016470588235294,1.0229411764705882,3.2105263157894735
forecast,1.013793103448276,1.0186206896551724,2.621621621621622
foreign,1.0085714285714287,1.015,1.72
forest,1.0347826086956522,1.028695652173913,16.0
form,1.015157894736842,1.0189473684210526,2.945945945945946
formal,1.0133333333333334,1.02,2.2
format,1.016470588235294,1.0247058823529411,3.3333333333333335
formul,1.018,1.0225,3.4545454545454546
formula,1.0163636363636364,1.0231818181818182,3.25
forward,1.02,1.024375,4.0
found,1.0153293413173652,1.0215568862275448,3.2857142857142856
foundat,1.024,1.018,4.0
four,1.0202105263157895,1.0214736842105263,4.310344827586206
fourth,1.025,1.028125,6.454545454545454
framework,1.0263492063492063,1.0257142857142858,7.821917808219179
free,1.0133333333333334,1.02,2.333333333333333
freebi,1.02,1.025,3.25
frequenc,1.0222857142857142,1.027,6.441860465116279
frequent,1.0171428571428571,1.0185714285714287,2.928571428571429
fresh,0.0,0.0,19.0
friend,1.015,1.0225,2.5
friendli,1.02,1.02,2.8
front,1.0066666666666666,1.02,1.5
fruit,1.029090909090909,1.0272727272727273,7.0
fuel,1.0266666666666666,1.025,4.428571428571429
fulfil,1.0133333333333334,1.02,2.2
full,1.016,1.018,2.764705882352941
fulli,1.016470588235294,1.0220588235294117,3.27027027027027
function,1.0222950819672132,1.0234426229508198,5.467153284671532
fund,1.0237837837837838,1.0267567567567568,6.739130434782609
fundament,1.0266666666666666,1.0266666666666666,5.5
furthermor,1.0170114942528736,1.0203448275862068,3.4130434782608696
fusion,1.0338461538461539,0.0,12.0
futur,1.0125,1.016875,2.3636363636363633
gadget,1.0171428571428571,1.0214285714285714,2.8
gain,1.0152380952380953,1.019047619047619,2.87012987012987
game,1.0364044943820225,0.0,49.599999999999994
garbag,1.0336842105263158,1.0294736842105263,21.57142857142857
garner,0.0,0.0,14.5
gase,0.0,0.0,13.0
gather,1.0205524861878452,1.0250276243093923,5.102941176470589
gave,1.0184615384615385,1.0276923076923077,4.0
gener,1.0138461538461538,1.0187912087912088,2.706546275395034
genet,1.0285714285714285,1.0278571428571428,9.571428571428571
geograph,1.02125,1.028125,5.857142857142858
geometr,1.032,0.0,9.0
geotag,0.0,0.0,13.0
gestur,1.0258823529411765,0.0,7.6000000000000005
get,1.012,1.018,2.2857142857142856
give,1.020246913580247,1.020925925925926,4.2368421052631575
given,1.0131506849315068,1.0193150684931507,2.655172413793103
global,1.0104615384615385,1.0156923076923077,2.051546391752577
glove,1.024,0.0,5.5
go,1.028,1.0285,8.636363636363637
goal,1.0222222222222221,1.0238095238095237,5.468085106382978
gold,0.0,0.0,22.0
gone,1.02,1.0225,3.1818181818181817
good,1.0162162162162163,1.0197297297297296,3.17741935483871
googl,1.033469387755102,1.0287755102040816,18.57142857142857
govern,1.0266666666666666,1.024318181818182,7.439024390243903
grace,1.02,0.0,4.0
grade,1.0218181818181817,1.0245454545454546,4.2727272727272725
gradual,1.02,1.0275,4.2727272727272725
graduat,1.022857142857143,0.0,7.315789473684211
grand,0.0,0.0,13.0
grant,1.0193103448275862,1.026896551724138,4.818181818181818
graphic,1.0220689655172415,1.0227586206896553,4.6923076923076925
great,1.0189473684210526,1.0244736842105264,4.375
greater,1.0133333333333334,1.0183333333333333,2.3846153846153846
greatli,1.018181818181818,1.0245454545454546,3.5
green,1.0342857142857143,1.0257142857142858,13.0
greenbot,0.0,0.0,19.0
ground,1.025,1.0225,5.285714285714286
groundshak,0.0,0.0,10.0
group,1.0180952380952382,1.0253571428571429,4.454545454545455
grow,1.022439024390244,1.021219512195122,4.631578947368421
growth,1.016888888888889,1.0253333333333334,3.961038961038961
guarante,1.0152380952380953,1.0214285714285714,3.0869565217391304
guest,0.0,0.0,23.5
guid,1.028695652173913,1.0254347826086956,8.615384615384615
guidanc,1.02,1.0225,3.571428571428571
habit,1.02,1.027,4.0
half,1.022857142857143,1.0257142857142858,4.0
hand,1.0186206896551724,1.0232758620689655,4.115384615384616
handl,1.008888888888889,1.015,1.8275862068965516
hang,1.02,1.025,3.25
happen,1.0183333333333333,1.02125,3.5384615384615383
hard,1.02,1.028125,4.6923076923076925
hardwar,1.029,1.02625,10.666666666666668
harvest,1.0133333333333334,1.02,2.2
hassl,0.0,0.0,13.0
head,1.0222222222222221,1.025,5.444444444444445
health,1.020952380952381,1.0204761904761905,4.193548387096774
healthcar,1.0185714285714287,1.0225,3.7857142857142856
healthi,1.0138461538461538,1.0196153846153846,2.6363636363636362
heart,1.034,1.0285,13.75
heartbeat,1.0355555555555556,0.0,10.600000000000001
heat,0.0,0.0,19.0
held,1.0254545454545454,1.0272727272727273,5.666666666666667
helmet,0.0,0.0,28.0
help,1.0245945945945947,1.0235641891891891,6.3398533007334965
henc,1.0135384615384615,1.0198461538461538,2.76
herbal,0.0,0.0,34.0
hide,1.02,0.0,4.6
high,1.0131736526946107,1.0174251497005988,2.5137614678899083
higher,1.0167088607594936,1.020126582278481,3.302325581395349
highest,1.0195744680851064,1.0268085106382978,5.181818181818182
highli,1.0285217391304349,1.0250434782608695,8.935483870967742
highlight,1.0166666666666666,1.0225,3.5
highqual,1.02,1.0225,3.571428571428571
hinder,1.02,1.02625,3.6666666666666665
hindranc,1.02,1.025,3.25
hire,1.018181818181818,1.0272727272727273,4.157894736842105
hisher,1.0266666666666666,1.0266666666666666,5.5
histor,1.028,1.027,8.0
histori,1.0248275862068965,1.0248275862068965,6.142857142857142
hold,1.0147368421052632,1.0205263157894737,2.8260869565217392
holist,1.018181818181818,1.0245454545454546,3.5
home,1.0147826086956522,1.018913043478261,2.789473684210526
hospit,1.015294117647059,1.0220588235294117,3.1081081081081083
host,1.01,1.015,1.8571428571428572
hotel,1.0257142857142858,1.0257142857142858,5.909090909090909
hour,1.0225,1.0225,4.724137931034483
hous,1.0276190476190477,1.0254761904761904,8.352112676056338
household,1.0333333333333334,1.0275,16.555555555555557
howev,1.016842105263158,1.0199342105263158,3.4000000000000004
html,1.038,0.0,23.799999999999997
huge,1.02,1.0231818181818182,4.142857142857143
human,1.0166442953020134,1.0203355704697987,3.4000000000000004
humid,1.0355555555555556,0.0,10.600000000000001
humidifi,0.0,0.0,10.0
hundr,1.0336842105263158,1.0289473684210526,20.200000000000003
hybrid,1.0,0.0,1.0
hydrant,0.0,0.0,32.5
hydrat,0.0,0.0,13.0
hypothes,1.0327272727272727,1.0286363636363636,13.0
hypothesi,1.0215384615384615,1.0253846153846153,4.5
idea,1.021,1.019125,4.15
ideal,1.02,1.025,4.6
ident,1.018181818181818,1.0259090909090909,4.0
identif,1.0221538461538462,1.0235384615384615,5.0754716981132075
identifi,1.014655172413793,1.0199137931034483,3.0816326530612246
ignit,1.031111111111111,0.0,11.5
ignor,1.0285714285714285,0.0,6.0
ill,1.022857142857143,0.0,4.428571428571429
illeg,1.025,0.0,5.285714285714286
illustr,1.016,1.021,3.0
imag,1.0292857142857144,1.0259285714285715,11.165289256198346
immedi,1.019047619047619,1.0257142857142858,4.157894736842105
impact,1.0279012345679013,1.0257407407407408,9.168674698795181
impair,1.032,0.0,11.285714285714285
imper,1.02,1.025,3.25
implement,1.013793103448276,1.0180564263322884,2.709844559585492
impli,1.02,0.0,4.333333333333334
implic,1.0336363636363637,1.0279545454545453,16.857142857142858
import,1.015734597156398,1.0191943127962084,3.110169491525424
importantli,1.031111111111111,0.0,8.0
impress,1.02,1.025,3.25
improv,1.017953795379538,1.0197029702970297,3.542056074766355
inactiv,0.0,0.0,19.0
incharg,0.0,0.0,19.0
incid,1.0266666666666666,0.0,8.2
includ,1.011014492753623,1.0165217391304349,2.175257731958763
inclus,1.0233333333333334,1.025,4.818181818181818
incom,1.0305454545454547,1.0278181818181817,13.292682926829269
inconveni,1.0366666666666666,0.0,14.200000000000001
incorpor,1.0186666666666666,1.024,4.073170731707317
increas,1.0156626506024096,1.0215963855421686,3.445141065830721
increment,1.028,1.027,6.25
inde,1.0363636363636364,1.0294545454545454,31.0
independ,1.0141176470588236,1.0194117647058825,2.6744186046511627
indepth,1.017391304347826,1.0221739130434782,3.608695652173913
index,1.0204878048780488,1.0226829268292683,4.705882352941177
india,1.0337614678899083,1.0286238532110092,22.23076923076923
indian,1.031549295774648,1.0295774647887324,17.799999999999997
indic,1.0144360902255638,1.0205263157894737,3.0719424460431655
indigen,1.02,1.02625,3.6666666666666665
individu,1.0161702127659575,1.023936170212766,3.746987951807229
indonesia,1.02,1.024,3.727272727272727
induc,1.022857142857143,1.0257142857142858,4.0
industri,1.0166515837104073,1.0237556561085972,3.860103626943005
ineffici,1.0,1.0171428571428571,1.0
infect,1.0222222222222221,0.0,6.625
infer,1.022857142857143,1.0278571428571428,5.363636363636363
infest,0.0,0.0,14.5
inflat,1.02,0.0,4.0
influenc,1.0304166666666668,1.026875,12.526315789473685
inform,1.0177682403433477,1.021244635193133,3.670967741935484
infrar,1.0266666666666666,0.0,5.0
infrastructur,1.018181818181818,1.0204545454545455,3.307692307692308
ingredi,1.02,1.02625,3.6666666666666665
initi,1.0229629629629629,1.0222222222222221,5.2272727272727275
injuri,1.032,0.0,9.0
innov,1.0121100917431192,1.0178899082568806,2.404255319148936
input,1.0272340425531914,1.0268085106382978,8.384615384615385
inquir,0.0,0.0,14.5
inquiri,1.0333333333333334,1.0283333333333333,12.25
insert,1.0266666666666666,0.0,7.666666666666667
insid,1.0232258064516129,1.0261290322580645,6.142857142857142
insight,1.0245454545454546,1.0245454545454546,6.225806451612903
inspect,1.02,0.0,4.0
inspir,1.0177777777777777,1.0233333333333334,3.1818181818181817
instal,1.010909090909091,1.0163636363636364,2.08
instanc,1.0163636363636364,1.0218181818181817,3.347826086956522
instead,1.022857142857143,1.0257142857142858,5.5
institut,1.0146666666666666,1.0216666666666667,3.0625
instruct,1.0266666666666666,1.025,4.428571428571429
instructor,1.0317241379310345,0.0,14.799999999999999
instrument,1.0125,1.016875,2.2
insur,1.032,1.0288,13.0
integr,1.0151351351351352,1.02,2.96875
intellectu,0.0,0.0,19.0
intellig,1.0284931506849315,1.0275342465753425,10.454545454545453
intemet,1.022857142857143,1.0257142857142858,4.0
intend,1.0184615384615385,1.023076923076923,4.0
intens,1.0174358974358975,1.023076923076923,3.6842105263157894
intent,1.0383050847457627,1.029491525423729,62.63636363636364
interact,1.016842105263158,1.0236842105263158,4.037974683544304
interest,1.0166233766233765,1.021038961038961,3.56
interfac,1.0217142857142858,1.0295714285714286,7.162162162162161
intern,1.0154666666666667,1.0192,2.977272727272727
internet,1.0139007092198582,1.0204255319148936,3.027586206896552
interpret,1.0061538461538462,1.0207692307692309,1.5714285714285714
interrupt,1.035,0.0,9.399999999999999
intervent,1.008,1.018,1.6666666666666665
interview,1.0227027027027027,1.0235135135135136,5.554216867469879
introduc,1.0147826086956522,1.0202173913043477,2.8545454545454545
introduct,1.0233333333333334,1.0275,5.199999999999999
intrud,0.0,0.0,25.0
intrus,1.0342857142857143,0.0,8.2
inventori,1.0357692307692308,1.029423076923077,33.82352941176471
invest,1.0354716981132075,1.0287264150943396,30.68421052631579
investig,1.0052459016393442,1.0221311475409836,1.5925925925925926
investor,1.0096,1.0192,2.0285714285714285
involv,1.0146788990825688,1.0198165137614679,2.9672131147540983
irrig,1.0235294117647058,1.026470588235294,5.615384615384616
iso19261,0.0,0.0,13.0
isoiec,1.035,0.0,15.0
isol,1.024,1.027,5.0
issu,1.0148314606741573,1.0195505617977527,3.0
item,1.018,1.02325,4.176470588235294
iter,1.0328,0.0,19.923076923076923
iti,1.015,1.0225,2.8
java,1.02,1.024375,4.2
javascript,1.0347826086956522,0.0,18.142857142857142
jellybean,0.0,0.0,20.5
joint,1.022857142857143,1.0257142857142858,4.0
jordan,1.02,1.0278571428571428,4.5
journey,1.0184615384615385,1.023076923076923,3.4000000000000004
jqueri,1.035,0.0,9.399999999999999
jumper,0.0,0.0,10.0
keep,1.0223076923076924,1.0225,4.954545454545454
key,1.028,0.0,7.0
keyword,1.03328,1.02916,24.11111111111111
kilo,1.0342857142857143,1.0278571428571428,11.285714285714285
kind,1.020952380952381,1.02,3.75
kitchenett,1.02,0.0,4.6
know,1.0204081632653061,1.0275510204081633,5.6875
knowledg,1.0140625,1.019453125,2.875
knowledgebas,1.0266666666666666,0.0,5.0
known,1.0145454545454546,1.0197727272727273,2.8461538461538463
label,1.0,0.0,1.0
labor,1.012,1.018,2.255813953488372
laboratori,1.0133333333333334,1.02,2.2
lack,1.0106666666666666,1.016,2.090909090909091
land,1.0222950819672132,1.028032786885246,6.828571428571428
landlord,0.0,0.0,10.0
lane,1.0315789473684212,0.0,12.25
languag,1.0316279069767442,1.0290697674418605,18.485714285714284
laptop,1.0293333333333334,1.028,8.333333333333334
laravel,0.0,0.0,10.0
larg,1.02,1.0219767441860466,4.225
larger,1.0233333333333334,1.025,4.818181818181818
largest,1.01,1.015,1.8181818181818181
last,1.0138461538461538,1.0196153846153846,2.588235294117647
lastli,1.0177777777777777,1.0222222222222221,3.571428571428571
late,1.0189473684210526,1.026842105263158,4.375
launch,1.0215384615384615,1.0253846153846153,5.199999999999999
lead,1.0103225806451612,1.0154838709677418,2.0212765957446805
leaf,1.022857142857143,1.0257142857142858,4.0
learn,1.0311,1.028575,16.8135593220339
least,1.0162162162162163,1.021081081081081,3.142857142857143
legal,1.02,1.02625,4.428571428571429
legend,0.0,0.0,13.0
lend,1.0184615384615385,1.023076923076923,4.0
lender,0.0,0.0,14.5
less,1.0182178217821782,1.0231683168316832,4.0
lessen,1.01,1.015,1.8571428571428572
lesson,0.0,0.0,20.5
let,0.0,0.0,13.0
letter,1.0177777777777777,1.0233333333333334,3.1818181818181817
level,1.0105172413793104,1.0179741379310345,2.2199999999999998
leverag,1.0266666666666666,1.0266666666666666,7.0
librari,1.0266666666666666,1.0294117647058822,10.272727272727273
librarian,1.03,0.0,8.714285714285715
life,1.0251428571428571,1.0234285714285714,6.28
lifestyl,1.0266666666666666,1.025,6.142857142857142
light,1.0178378378378379,1.021891891891892,3.955223880597015
lightweight,1.022857142857143,1.0257142857142858,4.0
like,1.01375,1.0189375,2.71875
likert,1.0066666666666666,1.015,1.4615384615384617
likewis,1.0266666666666666,1.025,4.428571428571429
limit,1.0170731707317073,1.0204878048780488,3.4705882352941178
limitationsimpl,1.02,0.0,4.0
line,1.0126315789473683,1.0189473684210526,2.411764705882353
link,1.023076923076923,1.023076923076923,4.913043478260869
linkag,1.02,1.024,3.727272727272727
liquid,1.02,0.0,3.571428571428571
list,1.0123076923076924,1.0184615384615385,2.2972972972972974
literatur,1.024,1.0268,7.428571428571429
littl,1.0142857142857142,1.0192857142857144,2.5
live,1.017391304347826,1.0226086956521738,3.6865671641791047
livelihood,1.02,0.0,3.571428571428571
load,1.0192307692307692,1.0225,4.061224489795919
loan,1.029367088607595,1.0296202531645569,14.384615384615385
local,1.023,1.0223125,5.279069767441861
locat,1.018872403560831,1.0253709198813057,4.741176470588235
locationbas,0.0,0.0,10.0
lock,1.0355555555555556,1.0283333333333333,14.714285714285714
log,0.0,0.0,11.5
logic,1.0173333333333334,1.026,3.888888888888889
logist,1.0,0.0,1.0
lollipop,0.0,0.0,19.0
long,1.0133333333333334,1.018888888888889,2.5652173913043477
longer,1.0215384615384615,1.0253846153846153,4.230769230769231
longterm,1.022857142857143,1.0257142857142858,5.0
look,1.0124444444444445,1.018,2.3770491803278686
loop,1.022857142857143,1.0257142857142858,4.0
lose,0.0,0.0,10.0
loss,1.02375,1.0271875,6.699999999999999
lost,0.0,0.0,10.0
love,1.0189473684210526,1.026842105263158,4.375
lower,1.0174358974358975,1.0253846153846153,4.090909090909091
lowest,1.032258064516129,1.0280645161290323,13.5
machin,1.0260416666666667,1.02453125,7.756756756756757
made,1.0156862745098039,1.02,3.0869565217391304
magnitud,0.0,0.0,14.5
main,1.0096551724137932,1.015,1.9438202247191012
mainli,1.0215384615384615,1.0223076923076924,4.6
maintain,1.0133333333333334,1.0194117647058825,2.6451612903225805
mainten,1.0166666666666666,1.02,2.764705882352941
major,1.0091743119266054,1.015137614678899,1.8982035928143712
make,1.019622641509434,1.019811320754717,3.8536585365853657
maker,1.0184615384615385,1.023076923076923,3.571428571428571
malaysia,1.0285714285714285,1.0271428571428571,8.5
mallow,0.0,0.0,19.0
manag,1.0186627906976744,1.020625,3.8962406015037594
manageri,1.0236363636363637,1.0286363636363636,6.571428571428571
mandatori,1.0266666666666666,1.025,4.428571428571429
mango,0.0,0.0,22.0
mani,1.0163934426229508,1.0201639344262294,3.238805970149254
manipul,1.0191304347826087,1.027391304347826,4.666666666666667
manner,1.02,1.0225,3.1818181818181817
manpow,1.0,0.0,1.0
manual,1.03136690647482,1.026978417266187,13.576923076923077
manufactur,1.0274074074074073,1.0280555555555555,10.25
map,1.0225641025641026,1.0292307692307692,7.6000000000000005
march,1.0177777777777777,1.0233333333333334,3.1818181818181817
margin,1.02,0.0,4.333333333333334
mark,1.022857142857143,1.0257142857142858,4.0
market,1.0193775372124492,1.0287821380243571,6.0069930069930075
marketplac,1.008888888888889,1.0233333333333334,1.9230769230769231
marsh,0.0,0.0,20.5
mask,1.0272000000000001,0.0,9.5
massiv,1.0166666666666666,1.0225,3.142857142857143
master,1.0276923076923077,1.0276923076923077,7.0
match,1.0226666666666666,0.0,7.0
materi,1.0250980392156863,1.0241176470588236,6.485714285714286
math,0.0,0.0,10.0
mathemat,1.0210526315789474,1.026842105263158,5.0
matrix,1.02,1.028125,4.6923076923076925
matter,1.011764705882353,1.0176470588235293,2.2
matur,1.025,1.02625,4.75
maxim,1.0177777777777777,1.025,3.8235294117647056
maximum,1.0152380952380953,1.02,2.8461538461538463
meal,1.0,0.0,1.0
mean,1.0179881656804735,1.025473372781065,4.604743083003952
measur,1.0140816326530613,1.0194387755102041,2.8
mechan,1.0154666666666667,1.0192,3.0
media,1.0312328767123287,1.026917808219178,14.153846153846155
medic,1.0232,1.0276,7.0
medicin,1.0282352941176471,1.026470588235294,7.545454545454545
medium,1.0226086956521738,1.0234782608695652,4.9
meet,1.013968253968254,1.02,2.8333333333333335
member,1.0214814814814814,1.0275,6.353846153846154
mention,1.025,1.02625,4.75
menu,1.0266666666666666,1.0275,6.333333333333333
merchant,0.0,0.0,16.0
messag,1.0280597014925372,1.0250746268656716,8.23076923076923
messeng,0.0,0.0,14.5
method,1.0187978142076504,1.0215300546448087,4.159183673469387
methodolog,1.0172307692307692,1.0212307692307692,3.7096774193548385
meticul,1.0266666666666666,1.025,4.428571428571429
metric,1.032,1.0274285714285714,13.0
metro,1.02,0.0,4.0
micro,1.0133333333333334,1.02,2.3846153846153846
microcontrol,1.0374193548387096,0.0,30.0
microgreen,0.0,0.0,16.0
might,1.0138461538461538,1.0196153846153846,2.6363636363636362
million,1.033548387096774,1.0290322580645161,16.6
mimic,1.03,0.0,7.0
mind,1.0133333333333334,1.02,2.2
mindanao,1.0133333333333334,1.018,2.3636363636363633
mine,1.0288524590163934,1.027049180327869,10.777777777777777
miner,1.03,1.028125,9.0
mini,1.0333333333333334,0.0,7.0
minim,1.0128,1.0186,2.4545454545454546
minimum,1.0153846153846153,1.021346153846154,3.0689655172413794
minor,1.0285714285714285,1.0257142857142858,5.285714285714286
minut,1.0145454545454546,1.0218181818181817,2.6
miss,1.0285714285714285,0.0,8.5
mission,1.0145454545454546,1.0163636363636364,2.333333333333333
mitig,1.0189473684210526,1.0252631578947369,4.0
mix,1.0075,1.01875,1.6923076923076923
mobil,1.024055944055944,1.02506993006993,6.76536312849162
mode,1.0170212765957447,1.0197872340425531,3.264150943396227
model,1.0209179415855354,1.0225730180806676,4.856410256410257
moder,1.0273684210526315,1.026842105263158,7.5
modern,1.0163157894736843,1.0205263157894737,3.3544303797468356
modifi,1.0266666666666666,1.027,8.058823529411764
modul,1.032,0.0,18.142857142857142
moistur,0.0,0.0,28.0
moment,1.016,1.022,3.1176470588235294
money,1.0096969696969698,1.0172727272727273,1.9795918367346939
monitor,1.0264566929133858,1.0251574803149606,8.694656488549619
month,1.0272727272727273,1.0245454545454546,7.9230769230769225
monthli,1.0188235294117647,1.0247058823529411,3.8235294117647056
montilla,1.02,0.0,4.333333333333334
moreov,1.017049180327869,1.0206557377049181,3.4000000000000004
mostli,1.0266666666666666,1.0266666666666666,5.5
mother,1.015,1.0225,2.6363636363636362
motion,1.0248275862068965,0.0,8.2
motiv,1.0270588235294118,1.0255882352941177,7.8999999999999995
motor,1.034,1.0285,13.75
motorcycl,1.0342857142857143,0.0,21.0
move,1.0127272727272727,1.0177272727272728,2.4
movement,1.0175,1.0234375,3.7096774193548385
much,1.0133333333333334,1.0192307692307692,2.56
multi,1.035,0.0,15.0
multimedia,1.0211764705882354,0.0,5.5
multipl,1.0253333333333334,1.0265,7.514285714285714
multistag,1.03,1.0275,7.75
municip,0.0,0.0,49.0
must,1.022158273381295,1.0233093525179857,5.162162162162162
mutual,1.0266666666666666,1.025,4.428571428571429
mysql,1.0342857142857143,0.0,21.0
name,1.01312,1.01896,2.6399999999999997
nation,1.0156862745098039,1.0223529411764707,3.264150943396227
natur,1.0172043010752687,1.0190322580645161,3.2429906542056073
navig,0.0,0.0,10.0
near,1.0243478260869565,1.0260869565217392,6.25
nearbi,1.02,1.025,4.176470588235294
nearest,1.0372413793103448,1.0279310344827586,21.25
nearli,1.0133333333333334,1.02,2.2
necessari,1.0192,1.0228,4.130434782608695
need,1.012896174863388,1.0173770491803278,2.4842767295597485
neg,1.0224,1.0264,6.25
neighbor,1.0266666666666666,1.028888888888889,8.714285714285715
network,1.032249134948097,1.028650519031142,19.155844155844154
neural,1.0345714285714285,0.0,32.56521739130435
never,1.03,1.0275,7.75
nevertheless,1.0266666666666666,0.0,5.0
newli,1.03,1.0275,7.75
next,1.004,1.015,1.375
nigeria,1.0175,1.024375,3.625
night,1.0171428571428571,1.0214285714285714,2.6363636363636362
nine,1.016,1.0216,3.0689655172413794
node,1.0378947368421052,0.0,22.6
nonfood,0.0,0.0,10.0
normal,1.0044444444444445,1.0233333333333334,1.4
nort,1.017471264367816,1.0234482758620689,4.123287671232877
north,1.02,0.0,3.571428571428571
notabl,1.02,1.025,3.25
notif,1.038019801980198,0.0,65.0
notifi,0.0,0.0,46.0
notion,1.022857142857143,1.0257142857142858,4.0
nougat,0.0,0.0,19.0
novel,1.0258333333333334,1.025625,7.642857142857143
novemb,1.02,0.0,4.0
nowaday,1.025945945945946,1.0267567567567568,7.260869565217391
number,1.0163218390804598,1.0218965517241378,3.4482758620689653
numer,1.0185714285714287,1.0235714285714286,4.12
nurs,1.0333333333333334,1.0283333333333333,12.25
nutrient,0.0,0.0,25.0
nutrit,1.0329411764705883,1.026470588235294,9.399999999999999
object,1.0143673469387755,1.0214285714285714,3.0076045627376424
observ,1.014,1.020625,2.8666666666666667
obstacl,1.0222222222222221,1.0233333333333334,4.529411764705882
obtain,1.0157303370786517,1.0220786516853932,3.320441988950276
occupi,1.0285714285714285,1.0214285714285714,4.75
occur,1.0121739130434784,1.0182608695652173,2.354838709677419
odor,0.0,0.0,10.0
offer,1.018159509202454,1.0215337423312882,3.7750000000000004
offic,1.019236641221374,1.0263358778625955,5.247191011235955
officeorg,0.0,0.0,10.0
offici,1.02,1.0225,3.1818181818181817
offlin,1.0191304347826087,1.0247826086956522,4.300000000000001
often,1.0042105263157894,1.0236842105263158,1.4444444444444444
one,1.0133333333333334,1.02,2.3846153846153846
onlin,1.022200956937799,1.0232535885167464,5.461538461538462
onto,1.02,1.025,3.25
open,1.0158241758241757,1.0204395604395604,3.2736842105263158
opencv,1.02,0.0,4.333333333333334
opensourc,1.0266666666666666,0.0,5.0
oper,1.010212765957447,1.0153191489361701,2.0285714285714285
opinion,1.018181818181818,1.0204545454545455,3.307692307692308
oppon,0.0,0.0,17.5
opportun,1.0275,1.02625,9.0
optic,1.0305882352941176,0.0,10.75
optim,1.030188679245283,1.0274528301886792,12.428571428571427
option,1.0233333333333334,1.025,4.818181818181818
order,1.016875,1.019453125,3.3309352517985613
organ,1.013873873873874,1.0195945945945946,2.7701149425287355
organis,1.025,1.02625,6.0
organiz,1.0226086956521738,1.0280434782608696,6.571428571428571
orient,1.025,1.02625,7.428571428571429
origin,1.0214285714285714,1.0257142857142858,5.285714285714286
other,1.02,1.0211764705882354,3.914285714285714
outbreak,1.036,0.0,11.8
outcom,1.015438596491228,1.0215789473684211,3.1639344262295084
outdoor,1.031111111111111,0.0,8.0
outlet,1.02,0.0,5.285714285714286
output,1.0217142857142858,1.0257142857142858,5.5600000000000005
outsid,1.0023529411764707,1.0158823529411765,1.206896551724138
overal,1.0158241758241757,1.0187912087912088,3.0186915887850465
overcom,1.0304761904761905,1.0271428571428571,9.727272727272727
overview,1.0171428571428571,1.0214285714285714,2.8
owner,1.0288695652173914,1.027391304347826,11.16326530612245
ownership,1.02,1.025,3.25
pace,1.022857142857143,1.0257142857142858,4.0
packag,1.015,1.0225,3.0
page,1.0133333333333334,1.01875,2.4545454545454546
paid,1.03,1.02875,10.818181818181818
palac,0.0,0.0,10.0
pandem,1.0176,1.02,3.444444444444444
paper,1.018060606060606,1.0238181818181817,4.250909090909091
paperless,0.0,0.0,19.0
paramet,1.0085714285714287,1.015,1.72
parent,1.0292307692307692,1.0265384615384616,9.142857142857142
park,1.015,1.0225,2.8
part,1.013877551020408,1.0189795918367346,2.7
partial,1.0244444444444445,1.025,5.714285714285714
particip,1.0188679245283019,1.0226415094339623,4.125
particl,1.0,0.0,1.0
particular,1.0171428571428571,1.0197142857142858,3.25
particularli,1.0133333333333334,1.018888888888889,2.4594594594594597
partner,1.0327272727272727,1.0286363636363636,13.0
pass,1.0218181818181817,1.0263636363636364,5.32
passeng,1.029090909090909,1.0286363636363636,9.727272727272727
password,1.0294736842105263,0.0,10.333333333333334
past,1.015,1.019375,2.928571428571429
path,1.0178947368421052,1.0228947368421053,4.0
patient,1.0227027027027027,1.027162162162162,6.8604651162790695
pattern,1.0188235294117647,1.0271764705882354,5.067796610169491
pay,1.028,1.027,6.25
payappbu,0.0,0.0,14.5
payment,1.0114285714285713,1.0171428571428571,2.142857142857143
payrol,0.0,0.0,14.5
pedestrian,1.038918918918919,0.0,44.2
pediatr,0.0,0.0,28.0
penetr,1.022857142857143,1.0257142857142858,4.0
peopl,1.0211428571428571,1.021642857142857,4.53784860557769
perceiv,1.0353846153846153,1.0288461538461537,25.352941176470587
percent,1.0342857142857143,1.0278571428571428,18.142857142857142
percentag,1.0153846153846153,1.0173076923076922,2.666666666666667
percept,1.0294339622641508,1.0260377358490567,10.0
perform,1.020451127819549,1.0238345864661653,5.0131147540983605
period,1.0144827586206897,1.0217241379310344,2.9384615384615387
person,1.0130526315789474,1.0183157894736843,2.6315789473684212
personnel,1.0172549019607844,1.0205882352941176,3.4905660377358494
perspect,1.02625,1.02625,7.631578947368421
peso,0.0,0.0,70.0
pest,0.0,0.0,22.0
phase,1.0208450704225351,1.0270422535211268,5.625
phenomenon,1.0184615384615385,1.023076923076923,3.571428571428571
philippin,1.0185714285714287,1.0257142857142858,4.466666666666667
phone,1.0298039215686274,1.0255882352941177,10.306122448979592
photo,0.0,0.0,17.5
physic,1.0187012987012987,1.0202597402597402,3.6341463414634148
pick,1.0266666666666666,1.025,4.428571428571429
pictur,1.0133333333333334,1.02,2.5789473684210527
piec,0.0,0.0,16.0
piezo,0.0,0.0,11.5
piggeri,0.0,0.0,19.0
place,1.0134653465346535,1.0193069306930693,2.7288135593220337
plan,1.0140350877192983,1.02,2.791044776119403
planner,0.0,0.0,23.5
plant,1.0226666666666666,1.029,7.8
plastic,1.0342857142857143,1.0285714285714285,14.5
plate,1.0233333333333334,0.0,5.666666666666667
platform,1.013076923076923,1.01875,2.6859504132231407
play,1.0186363636363636,1.0211363636363637,3.963855421686747
player,1.0338461538461539,1.0269230769230768,13.375
plenti,0.0,0.0,10.0
point,1.0150943396226415,1.0192452830188679,2.9047619047619047
polic,1.032,0.0,13.0
polici,1.0310204081632652,1.0238775510204081,10.5
polit,1.02,1.025,3.25
pollut,1.0133333333333334,1.02,2.6363636363636362
pool,1.02,1.024,3.727272727272727
poor,1.0066666666666666,1.02,1.6
popul,1.0220952380952382,1.0231428571428571,5.046511627906977
populac,0.0,0.0,10.0
popular,1.0166666666666666,1.0241666666666667,3.571428571428571
portabl,1.0276923076923077,0.0,7.75
portal,0.0,0.0,46.0
portion,1.03,1.02625,6.142857142857142
posit,1.0104615384615385,1.0156923076923077,2.0736842105263156
possibl,1.016,1.0207,3.3762376237623766
post,1.0220689655172415,1.0248275862068965,5.0
posttest,1.029090909090909,0.0,7.857142857142857
potenti,1.0147899159663865,1.0216806722689076,3.095238095238095
poverti,1.02,0.0,3.571428571428571
power,1.02,1.02390625,4.49090909090909
practic,1.023778801843318,1.0255760368663593,7.094488188976378
practition,1.0153846153846153,1.0207692307692309,2.875
precis,1.035,1.028125,19.0
predefin,0.0,0.0,16.0
predict,1.034862385321101,1.0287614678899082,26.90909090909091
prefer,1.016986301369863,1.0213698630136987,3.657142857142857
pregnant,0.0,0.0,10.0
preliminari,1.0266666666666666,1.02,4.0
premis,1.022857142857143,1.0257142857142858,4.0
prepar,1.0148148148148148,1.02,3.0
preprocess,1.035,0.0,19.0
preschool,0.0,0.0,26.5
prescript,1.025,0.0,5.285714285714286
presenc,1.0152380952380953,1.0214285714285714,3.0869565217391304
present,1.016,1.0198333333333334,3.170854271356784
preserv,1.02,1.0225,3.8235294117647056
press,1.0285714285714285,1.0214285714285714,4.75
pressur,1.0266666666666666,1.0285714285714285,8.0
pretest,1.0342857142857143,0.0,8.2
prevent,1.0175438596491229,1.0263157894736843,4.260869565217391
previou,1.0150943396226415,1.019811320754717,3.0338983050847457
previous,1.024,1.018,4.0
price,1.0217194570135746,1.0257918552036198,6.294117647058823
primari,1.0164948453608247,1.0197938144329897,3.2222222222222223
primarili,1.022857142857143,1.0257142857142858,4.0
prime,1.02,0.0,4.0
princip,1.024,1.027,5.0
principl,1.01,1.015,1.75
print,1.020952380952381,1.0221428571428572,4.300000000000001
priorit,1.0266666666666666,1.0266666666666666,5.5
prioriti,1.02,1.025,3.25
privat,1.0121428571428572,1.0176785714285714,2.36
probabl,1.0180645161290323,1.0241935483870968,3.896551724137931
problem,1.0162162162162163,1.0208108108108107,3.3684210526315788
procedur,1.0197101449275363,1.0247826086956522,5.0
proceed,1.035294117647059,1.0282352941176471,13.857142857142858
process,1.0139279588336192,1.0199142367066896,2.8179104477611943
processor,1.008888888888889,1.0166666666666666,1.7058823529411764
proctor,0.0,0.0,13.0
procur,1.02,0.0,4.6
produc,1.0072727272727273,1.019090909090909,1.7659574468085106
product,1.0189772727272728,1.026036931818182,4.960474308300395
profession,1.016,1.018,2.7142857142857144
professor,0.0,0.0,10.0
profil,1.016969696969697,1.0218181818181817,3.625
profit,1.0183333333333333,1.0275,4.666666666666667
program,1.0145185185185186,1.0215555555555556,3.161764705882353
progress,1.022857142857143,0.0,5.800000000000001
project,1.0306944444444444,1.02703125,12.89237668161435
prolog,1.0235294117647058,0.0,6.454545454545454
promot,1.0175,1.0235416666666666,3.9763779527559056
prompt,1.0333333333333334,1.0275,9.571428571428571
prone,1.0363636363636364,0.0,21.0
propag,1.0266666666666666,1.0233333333333334,4.6
proper,1.0203508771929826,1.0226315789473683,4.346153846153847
properli,1.018,1.024,3.8421052631578947
properti,1.0196610169491525,1.0249152542372881,4.782608695652174
propon,1.031346153846154,1.0288461538461537,18.464285714285715
proport,1.0266666666666666,0.0,6.142857142857142
propos,1.019734219269103,1.0254651162790698,5.040816326530612
proposit,1.02,0.0,4.0
prospect,1.02,1.02625,4.428571428571429
protect,1.0174545454545454,1.025090909090909,4.2727272727272725
protocol,1.025,1.0275,7.0
prototyp,1.0337055837563451,0.0,29.457142857142856
prove,1.02,1.0225,4.333333333333334
provid,1.0159252336448599,1.0186168224299066,3.035031847133758
provinc,1.02,1.0234375,4.310344827586206
provinci,1.0224,1.024,5.199999999999999
psycholog,1.0225,1.024375,4.6
public,1.0121212121212122,1.0177272727272728,2.333333333333333
publicli,1.0171428571428571,1.0257142857142858,3.0
publish,1.0213333333333334,1.026,4.6923076923076925
pump,0.0,0.0,13.0
purchas,1.0320772946859904,1.0295652173913044,21.3265306122449
pure,1.02,1.0275,4.2727272727272725
purok,1.0266666666666666,1.0257142857142858,7.0
purpos,1.0192063492063492,1.0215476190476191,4.11587982832618
python,1.035294117647059,1.0291176470588235,21.0
qile,0.0,0.0,19.0
qualit,1.023111111111111,1.0233333333333334,5.457142857142857
qualiti,1.016,1.0224745762711864,3.466898954703833
quantit,1.018723404255319,1.0248936170212766,4.5675675675675675
quantiti,1.022857142857143,1.0235714285714286,4.428571428571429
quarantin,1.0342857142857143,0.0,8.2
quenmetor,0.0,0.0,13.0
queri,1.032,1.028,10.0
quest,0.0,0.0,14.5
question,1.0128301886792452,1.0192452830188679,2.6721311475409832
questionnair,1.023859649122807,1.0261842105263157,6.870503597122302
queu,0.0,0.0,16.0
quick,1.0171428571428571,1.0214285714285714,3.0
quickli,1.024,1.021,4.0
quiz,0.0,0.0,14.5
quizz,0.0,0.0,14.5
rack,0.0,0.0,41.5
radio,1.022857142857143,1.0257142857142858,4.0
rain,1.0333333333333334,1.0283333333333333,12.25
rainfal,0.0,0.0,17.5
rais,1.017391304347826,1.0247826086956522,3.727272727272727
rajah,0.0,0.0,19.0
random,1.0255172413793103,1.0243103448275863,6.414634146341464
randomli,1.025,1.024375,5.285714285714286
rang,1.019622641509434,1.0226415094339623,4.183673469387755
rank,1.0147368421052632,1.0205263157894737,2.75
rapid,1.0129032258064516,1.0183870967741935,2.4634146341463414
rapidli,1.0106666666666666,1.018,2.0434782608695654
rare,0.0,0.0,13.0
raspberri,1.039506172839506,0.0,97.0
rate,1.014368932038835,1.0192233009708738,2.8813559322033897
rather,1.0257142857142858,1.0278571428571428,6.4
ratio,1.0278260869565217,1.0280434782608696,9.727272727272727
reach,1.0138888888888888,1.0204166666666667,2.973684210526316
reaction,1.0222222222222221,1.0266666666666666,4.333333333333334
read,1.0283333333333333,1.0275,8.846153846153847
readi,1.025,1.02625,4.75
readili,1.0142857142857142,1.0192857142857144,2.5
real,1.0204255319148936,1.0258510638297873,5.430769230769231
realiti,1.0225454545454546,1.0272727272727273,6.314285714285714
realiz,1.024,1.0255,5.5
realli,0.0,0.0,20.5
realtim,1.02,1.029375,5.9655172413793105
realworld,1.0266666666666666,0.0,6.142857142857142
reason,1.0144444444444445,1.0183333333333333,2.7333333333333334
receiv,1.0185567010309278,1.0228865979381443,4.103448275862069
recent,1.0236363636363637,1.0272727272727273,7.0
recogn,1.0204081632653061,1.0257142857142858,5.054054054054054
recognit,1.0218978102189782,1.0282481751824817,6.921052631578947
recommend,1.0123222748815166,1.0184834123222748,2.5789473684210527
record,1.02375,1.02390625,5.956521739130435
recov,1.0,0.0,1.0
recoveri,1.03,1.0225,5.5
recruit,1.02,1.025,3.25
reduc,1.020952380952381,1.0225714285714285,4.586956521739131
reduct,1.02,1.018,3.5
refer,1.013877551020408,1.020204081632653,2.7
refil,1.02,1.025,4.0
refin,1.02,1.025,3.25
reflect,1.0153846153846153,1.0207692307692309,2.875
regard,1.0179310344827586,1.0189655172413794,3.34
region,1.0193939393939393,1.0206818181818182,4.0
regist,1.019591836734694,1.0281632653061223,5.363636363636363
registr,1.0382608695652173,0.0,27.400000000000002
regress,1.0237974683544304,1.029240506329114,8.421052631578949
regul,1.008888888888889,1.0166666666666666,1.8
regular,1.0167741935483872,1.0203225806451612,3.1081081081081083
regularli,1.0314285714285714,1.0278571428571428,9.25
rel,1.0153846153846153,1.0196153846153846,2.8181818181818183
relat,1.0141843971631206,1.018723404255319,2.744186046511628
relationship,1.0294736842105263,1.0261654135338345,11.137931034482758
relay,1.03,0.0,8.714285714285715
releas,0.0,0.0,23.5
relev,1.0202352941176471,1.0222352941176471,4.583333333333333
reli,1.01,1.015,1.75
reliabl,1.0293548387096774,1.0266129032258065,11.30188679245283
relief,1.0166666666666666,1.0225,3.142857142857143
remain,1.0180645161290323,1.0212903225806451,3.5454545454545454
remedi,0.0,0.0,10.0
rememb,0.0,0.0,11.5
remind,1.0133333333333334,1.02,2.2
remot,1.0224,1.0276,5.9411764705882355
render,1.029090909090909,1.0272727272727273,7.0
rent,1.02,0.0,3.571428571428571
rental,0.0,0.0,41.5
repeat,1.0175,1.020625,3.0999999999999996
replac,1.0044444444444445,1.0166666666666666,1.3529411764705883
report,1.02,1.0196875,3.88
repres,1.014,1.0195,2.68
represent,1.0306666666666666,1.028,11.615384615384615
reput,1.02,1.025,4.0
request,1.0183333333333333,1.0225,3.8695652173913047
requir,1.0127407407407407,1.0182222222222221,2.5636363636363635
research,1.0190495449949444,1.0200505561172901,3.8545454545454545
reserv,1.02,1.0235714285714286,3.8
resid,1.022716049382716,1.025925925925926,6.2075471698113205
resolut,1.0342857142857143,0.0,13.0
resourc,1.0162237762237762,1.020979020979021,3.3355704697986575
respect,1.0131764705882353,1.018,2.570093457943925
respond,1.0234965034965036,1.0244405594405595,6.3052631578947365
respons,1.0166887417218544,1.0216556291390728,3.625
rest,1.016,1.021,3.0
restaur,1.022857142857143,1.0282857142857142,7.428571428571429
result,1.013371757925072,1.0196685878962537,2.729192546583851
retail,1.02,0.0,6.25
retain,1.0171428571428571,1.0257142857142858,3.4000000000000004
retriev,1.02,1.0291666666666666,5.695652173913044
return,1.0336842105263158,1.028421052631579,19.461538461538463
reus,1.0254545454545454,1.0272727272727273,7.0
reveal,1.0284615384615385,1.0259615384615384,9.879999999999999
revenu,1.0126315789473683,1.0189473684210526,2.44
review,1.0165,1.02325,3.64
revolut,1.02,1.024,3.727272727272727
rice,1.0194392523364486,1.0283177570093458,5.727272727272727
rider,0.0,0.0,20.5
right,1.0129411764705882,1.018529411764706,2.466666666666667
rise,1.0142857142857142,1.0160714285714285,2.5
risk,1.0187951807228917,1.0216867469879518,3.9620253164556964
river,1.0285714285714285,1.0278571428571428,7.666666666666667
road,1.0245454545454546,1.0252272727272727,6.586206896551724
robot,1.023921568627451,1.0297058823529412,8.956521739130434
role,1.0204166666666667,1.0225,4.542168674698795
room,1.015294117647059,1.0211764705882354,3.2285714285714286
rout,1.0248648648648648,1.0251351351351352,6.3076923076923075
rover,0.0,0.0,10.0
rule,1.024,1.0286666666666666,7.75
rulebas,1.032,0.0,11.285714285714285
run,1.0123076923076924,1.0184615384615385,2.263157894736842
rural,1.022857142857143,1.0231428571428571,5.0
safe,1.0133333333333334,1.0185714285714287,2.4
safeti,1.0301639344262294,1.0265573770491803,10.517241379310345
said,1.0041379310344827,1.019655172413793,1.4186046511627906
salari,1.02,1.02625,4.789473684210526
sale,1.018962962962963,1.0257777777777777,4.801980198019802
salin,0.0,0.0,19.0
sampl,1.0307692307692309,1.0267692307692309,13.0
sandwich,0.0,0.0,19.0
sanit,0.0,0.0,80.5
sanitari,1.022857142857143,1.0257142857142858,4.0
satisfact,1.0076190476190476,1.0185714285714287,1.7272727272727273
satisfactori,1.0233333333333334,1.025,4.818181818181818
satisfi,1.0316981132075471,1.0271698113207548,12.454545454545455
saudi,1.016,1.0216,3.307692307692308
save,1.016,1.018857142857143,3.0
scale,1.02,1.021346153846154,4.12
scan,1.0288372093023255,1.0286046511627907,11.333333333333334
scanner,1.0377777777777777,0.0,21.4
scape,0.0,0.0,14.5
scenario,1.0271428571428571,1.0267857142857142,7.705882352941177
schedul,1.0197222222222222,1.0266666666666666,5.484210526315789
scheme,1.031764705882353,1.0282352941176471,13.461538461538463
scholar,0.0,0.0,14.5
scholarship,1.0333333333333334,1.0283333333333333,12.25
school,1.022181818181818,1.0264545454545455,6.545454545454545
scienc,1.0139130434782608,1.02,2.8461538461538463
scientif,1.0226666666666666,1.025,5.25
scope,1.0266666666666666,1.0257142857142858,6.6
score,1.0166666666666666,1.025,3.8125
script,1.0266666666666666,1.02875,8.384615384615385
sdlc,1.038688524590164,0.0,60.0
search,1.0202739726027397,1.0291780821917809,6.285714285714286
season,1.03,1.0225,5.5
second,1.0152380952380953,1.0214285714285714,3.2325581395348837
secondari,1.0220689655172415,1.026896551724138,5.571428571428571
secondli,1.0188235294117647,1.0247058823529411,4.0
section,1.0192,1.0216,3.769230769230769
sector,1.018018018018018,1.0237837837837838,4.03030303030303
secur,1.0195294117647058,1.0255882352941177,4.890625
seed,0.0,0.0,25.0
seek,1.018181818181818,1.0197727272727273,3.4000000000000004
seen,1.018,1.0225,3.4545454545454546
segment,1.0253846153846153,1.0259615384615384,7.387096774193548
segreg,0.0,0.0,10.0
seismic,0.0,0.0,10.0
seismograph,0.0,0.0,10.0
select,1.0162424242424242,1.02,3.2458100558659218
self,1.0175,1.0225,3.4705882352941178
selforgan,1.0285714285714285,0.0,6.0
sell,1.0296296296296297,1.0277777777777777,11.909090909090908
seller,0.0,0.0,11.5
semest,1.0333333333333334,0.0,7.0
send,1.0241269841269842,1.0242857142857142,6.066666666666666
senior,1.0307692307692309,1.0276923076923077,8.5
sens,1.022857142857143,1.0271428571428571,5.800000000000001
sensit,1.0281481481481483,1.0277777777777777,9.142857142857142
sensor,1.0332432432432432,0.0,26.448275862068964
sent,1.03,1.02625,6.142857142857142
separ,1.008,1.018,1.6666666666666665
sequenti,1.0293333333333334,1.028,8.333333333333334
seri,1.023030303030303,1.029090909090909,7.0
serv,1.0182278481012659,1.020506329113924,3.6666666666666665
server,1.0234782608695652,0.0,8.043478260869566
serversid,1.0333333333333334,0.0,7.0
servic,1.0171929824561403,1.020578947368421,3.5344827586206895
servo,0.0,0.0,14.5
set,1.0145454545454546,1.0177272727272728,2.6271186440677967
settlement,1.02,1.025,3.25
setup,1.02,1.025,3.25
seven,1.0232258064516129,1.0241935483870968,5.32
sever,1.0194174757281553,1.0215533980582525,4.092783505154639
shake,0.0,0.0,32.5
shape,1.017391304347826,1.0247826086956522,3.727272727272727
share,1.0185365853658537,1.0215853658536584,3.814814814814815
sheet,1.032,1.027,10.600000000000001
shift,1.0192592592592593,1.021111111111111,3.689655172413793
shop,1.0218518518518518,1.0252777777777777,5.985915492957746
short,1.0042105263157894,1.0157894736842106,1.375
show,1.014368932038835,1.0214563106796117,3.08125
showcas,1.02,1.025,3.25
shown,1.019,1.021,3.780487804878049
side,1.0207407407407407,1.0244444444444445,4.6521739130434785
sign,1.02,1.025,4.75
signal,1.0304,1.0294,14.411764705882353
signatur,1.022857142857143,1.0257142857142858,4.0
signific,1.0220118343195266,1.0244970414201184,5.573770491803279
significantli,1.02125,1.0271875,5.434782608695652
similar,1.0285714285714285,1.0257142857142858,8.5
simpl,1.0233333333333334,1.0258333333333334,6.25
simul,1.036734693877551,1.0287755102040816,25.545454545454547
sinc,1.0146938775510204,1.0189795918367346,2.8620689655172415
singl,1.02,1.0225,4.333333333333334
site,1.024406779661017,1.0249152542372881,6.2682926829268295
situat,1.0141176470588236,1.0183529411764707,2.6822429906542054
size,1.0136842105263157,1.019736842105263,2.7333333333333334
skill,1.027012987012987,1.0257142857142858,7.933333333333333
skin,1.023076923076923,1.0276923076923077,6.294117647058823
slaughter,0.0,0.0,13.0
slide,1.02,1.0225,3.4000000000000004
slovin,0.0,0.0,13.0
slow,1.0188235294117647,1.0229411764705882,3.8235294117647056
small,1.0096296296296297,1.015,1.9176470588235295
smallscal,1.0266666666666666,1.026,6.454545454545454
smart,1.028,1.0264,9.399999999999999
smartphon,1.02,1.028125,5.64516129032258
smell,0.0,0.0,10.0
smoker,0.0,0.0,34.0
smooth,1.0373333333333334,0.0,17.799999999999997
social,1.0251239669421488,1.0246694214876033,7.08
societi,1.0195555555555555,1.0206666666666666,3.8085106382978724
softwar,1.026280193236715,1.0272463768115943,8.922330097087379
soil,0.0,0.0,28.0
solar,1.0369230769230768,0.0,15.399999999999999
sole,1.016,1.024,2.8461538461538463
solid,1.0,1.015,1.0
solut,1.0180821917808218,1.02486301369863,4.300000000000001
solv,1.0114285714285713,1.0171428571428571,2.2
sometim,1.0133333333333334,1.02,2.3846153846153846
sought,1.02,1.025,4.0
sound,1.0235294117647058,1.026470588235294,5.615384615384616
sourc,1.0143333333333333,1.01975,2.816901408450704
space,1.0222222222222221,1.0225,4.636363636363637
speaker,1.0266666666666666,0.0,6.142857142857142
speci,1.028,1.0285,8.636363636363637
special,1.024,1.024,5.235294117647059
specialist,1.02,1.02625,3.6666666666666665
specif,1.013475935828877,1.0173262032085562,2.5428571428571427
specifi,1.0133333333333334,1.02,2.2
speech,1.0273684210526315,0.0,10.75
speed,1.01,1.015,1.8571428571428572
spend,1.0133333333333334,1.02,2.333333333333333
sponsor,0.0,0.0,19.0
spot,1.0346666666666666,0.0,14.0
spray,0.0,0.0,11.5
spread,1.0237681159420289,1.0256521739130435,6.3478260869565215
spss,1.028888888888889,1.0266666666666666,8.090909090909092
squar,1.02125,1.024375,5.08
stabil,1.0206896551724138,1.0258620689655173,5.090909090909091
stabl,1.02,1.025,4.0
staff,1.0166037735849056,1.0232075471698112,3.693877551020408
stage,1.0088,1.015,1.8354430379746836
stakehold,1.0147368421052632,1.0205263157894737,2.8260869565217392
stand,1.0148148148148148,1.021111111111111,3.0689655172413794
standard,1.016470588235294,1.0225,3.5074626865671643
start,1.0166233766233765,1.0194805194805194,3.157303370786517
startup,1.02,0.0,4.6
state,1.0134883720930232,1.0198837209302325,2.7755102040816326
statement,1.0315151515151515,1.0272727272727273,12.142857142857142
static,1.024,1.027,5.0
station,1.0246153846153847,1.0269230769230768,7.260869565217391
statist,1.0167741935483872,1.020967741935484,3.463157894736842
statu,1.0317073170731708,1.0263414634146342,12.142857142857142
stay,1.024,1.026,5.5
steadi,1.022857142857143,1.0257142857142858,4.0
step,1.024102564102564,1.0253846153846153,6.529411764705882
stick,0.0,0.0,10.0
still,1.0126315789473683,1.0163157894736843,2.3170731707317076
stock,1.0272000000000001,1.0276,8.285714285714285
stolen,0.0,0.0,16.0
stop,1.008888888888889,1.0233333333333334,1.9230769230769231
stopper,0.0,0.0,10.0
storag,1.0145454545454546,1.019090909090909,2.7560975609756095
store,1.021123595505618,1.023932584269663,5.057553956834532
stori,1.0333333333333334,0.0,11.0
strand,0.0,0.0,34.0
strateg,1.022,1.02325,4.882352941176471
strategi,1.0248351648351648,1.0242307692307693,6.947368421052632
stray,0.0,0.0,23.5
stream,1.0266666666666666,1.0275,6.333333333333333
street,1.0133333333333334,1.018,2.3043478260869565
strength,1.017391304347826,1.0221739130434782,3.5
strict,1.02,1.025,3.25
strong,1.022857142857143,1.022857142857143,4.6
strongli,0.0,0.0,11.5
structur,1.0184615384615385,1.0225641025641026,4.145631067961165
struggl,1.022857142857143,1.0257142857142858,4.0
student,1.019753086419753,1.0238888888888888,4.609022556390977
studi,1.0176333537706928,1.0200490496627836,3.499420625724218
studio,1.0333333333333334,0.0,11.0
style,1.008,1.018,1.6666666666666665
subject,1.0190163934426228,1.0206557377049181,3.8524590163934427
submit,1.0218181818181817,1.0272727272727273,4.6
subsequ,1.0184615384615385,1.0253846153846153,3.769230769230769
substanti,1.020952380952381,1.0185714285714287,3.75
succeed,1.0307692307692309,1.0276923076923077,8.5
success,1.0174257425742574,1.0187128712871287,3.2372881355932206
suffici,1.0,0.0,1.0
sugar,0.0,0.0,10.0
suggest,1.0174117647058825,1.020470588235294,3.4943820224719104
suit,1.0177777777777777,1.025,3.8235294117647056
suitabl,1.0204878048780488,1.0241463414634147,4.5
summari,1.0367567567567568,1.0283783783783784,26.5
supervis,1.0139130434782608,1.0195652173913043,2.655172413793103
supplement,1.028,1.0255,7.0
suppli,1.0333333333333334,1.026875,15.399999999999999
supplier,1.0208695652173914,1.028695652173913,5.5
support,1.0121951219512195,1.0177439024390245,2.376146788990826
sure,1.0235294117647058,1.0282352941176471,6.0
surfac,1.0276923076923077,0.0,7.75
surigao,0.0,0.0,41.5
surpass,1.02,1.025,3.25
surround,1.0266666666666666,0.0,6.142857142857142
surveil,1.02,0.0,5.0
survey,1.0177070063694267,1.0237898089171975,4.195402298850575
surviv,1.02,1.0255,4.529411764705882
suscept,1.032,0.0,9.0
sustain,1.0167619047619048,1.0242857142857142,3.933333333333333
swap,0.0,0.0,19.0
switch,1.0296296296296297,1.0266666666666666,9.571428571428571
symptom,1.02125,1.028125,5.857142857142858
synchron,1.0342857142857143,0.0,8.2
syndic,1.02,0.0,4.0
system,1.0291461988304094,1.029140350877193,14.947761194029852
systemat,1.0133333333333334,1.02,2.5
tabl,1.0252631578947369,1.0252631578947369,6.538461538461538
tablet,0.0,0.0,11.5
tabul,0.0,0.0,25.0
tackl,1.0222222222222221,1.0266666666666666,4.333333333333334
take,1.0108108108108107,1.0156756756756757,2.097560975609756
taken,1.0235897435897436,1.0246153846153847,5.6000000000000005
talli,0.0,0.0,10.0
tank,0.0,0.0,37.0
target,1.0240776699029126,1.025631067961165,7.0983606557377055
tarpaulin,1.0266666666666666,1.028,7.0
task,1.0273170731707317,1.0285365853658537,10.333333333333334
tast,1.0266666666666666,1.0275,6.333333333333333
teach,1.031111111111111,0.0,16.0
teacher,1.0271186440677966,1.0279661016949153,9.88888888888889
team,1.0275,1.02625,7.6000000000000005
technic,1.0269662921348315,1.0252808988764044,8.058823529411764
techniqu,1.0272636815920397,1.0262686567164179,8.980582524271846
technolog,1.0135612535612535,1.0195726495726496,2.7163461538461537
tediou,1.015,1.0225,2.6363636363636362
telecommun,1.0,0.0,1.0
telephon,1.0133333333333334,1.02,2.2
temperatur,1.03,1.02625,10.0
templat,1.0333333333333334,0.0,7.0
tenant,0.0,0.0,10.0
tend,1.0254545454545454,1.0272727272727273,5.666666666666667
term,1.0152577319587628,1.0199484536082475,3.124401913875598
territori,1.0266666666666666,1.025,4.428571428571429
tesda,0.0,0.0,31.0
tesseract,1.036,0.0,11.8
test,1.01888,1.02352,4.54
text,1.0271186440677966,1.027457627118644,9.571428571428571
theft,1.0236363636363637,0.0,7.0
theoret,1.0285714285714285,1.0271428571428571,8.5
theori,1.0176923076923077,1.0253846153846153,4.209302325581395
therebi,1.0186666666666666,1.016,3.0999999999999996
therefor,1.0125619834710744,1.0173553719008264,2.3987730061349692
thermal,1.0266666666666666,0.0,5.0
thesi,1.0314285714285714,1.0278571428571428,9.25
thing,1.0166666666666666,1.0225,3.5
think,1.02,1.024,3.727272727272727
third,1.025945945945946,1.0267567567567568,7.857142857142857
thirti,1.0254545454545454,1.0272727272727273,7.0
thorough,1.0184615384615385,1.0253846153846153,3.769230769230769
though,1.0139130434782608,1.0195652173913043,2.655172413793103
thought,1.0142857142857142,1.0192857142857144,2.5
thousand,1.0367567567567568,1.0291891891891891,26.5
threat,1.019047619047619,1.0242857142857142,4.157894736842105
three,1.0144,1.0192,2.9518072289156625
threshold,1.0236363636363637,0.0,7.0
throughout,1.0193548387096774,1.0212903225806451,3.8125
thu,1.0128440366972478,1.0176146788990825,2.4482758620689653
tile,0.0,0.0,13.0
time,1.0141554959785524,1.0198659517426274,2.85480093676815
timeconsum,1.0266666666666666,0.0,5.0
timeseri,1.0285714285714285,0.0,6.0
tissu,1.0329411764705883,1.0282352941176471,11.5
today,1.0133333333333334,1.0184615384615385,2.5
togeth,1.0222222222222221,1.025,5.0
tool,1.0123076923076924,1.018284023668639,2.5369458128078817
topic,1.0177777777777777,1.0258333333333334,4.310344827586206
total,1.01408,1.0207600000000001,2.970149253731343
tourism,1.0215384615384615,1.0282692307692307,6.419354838709677
tourist,1.0216216216216216,1.0235135135135136,5.137931034482759
toward,1.0274285714285714,1.0254285714285714,8.322033898305085
town,1.0133333333333334,1.02,2.2
toxic,1.0342857142857143,0.0,8.2
trace,1.0304761904761905,1.0278571428571428,11.666666666666666
track,1.0271844660194174,1.0288349514563107,10.767441860465116
tracker,1.025,0.0,5.285714285714286
trade,1.0157575757575759,1.020909090909091,3.2608695652173916
tradit,1.0165217391304349,1.0205434782608696,3.350515463917526
traffic,1.0234666666666667,1.0288,7.947368421052632
train,1.0251724137931035,1.0235344827586208,6.341463414634147
traine,0.0,0.0,43.0
trainer,0.0,0.0,55.0
trait,1.02,1.02625,4.428571428571429
transact,1.0252307692307692,1.0242307692307693,6.590909090909091
transfer,1.0283870967741935,1.0251612903225806,7.6000000000000005
transform,1.023720930232558,1.0233720930232557,5.707692307692308
translat,1.0173333333333334,1.025,3.888888888888889
transmit,1.0285714285714285,0.0,8.5
transport,1.022,1.021,4.300000000000001
trap,1.036,0.0,11.8
trash,1.0333333333333334,1.0283333333333333,12.25
travel,1.0246153846153847,1.0242307692307693,6.485714285714286
tray,0.0,0.0,10.0
treat,1.02,1.025,3.25
treatment,1.0154838709677418,1.0203225806451612,2.945945945945946
tree,1.0,1.015,1.0
tremend,1.0066666666666666,1.015,1.4615384615384617
trend,1.022857142857143,1.0226530612244897,5.199999999999999
tri,1.0219354838709678,1.0232258064516129,4.923076923076923
tribe,0.0,0.0,11.5
trigger,0.0,0.0,22.0
trivia,0.0,0.0,13.0
true,1.016470588235294,1.0229411764705882,3.3333333333333335
truls,0.0,0.0,10.0
trust,1.0321428571428573,1.0273214285714285,13.857142857142858
turn,1.0291891891891891,1.0267567567567568,10.0
turnov,1.02,0.0,4.0
twenti,1.0123076923076924,1.0184615384615385,2.263157894736842
twitter,1.0133333333333334,1.02,2.5
type,1.0123308270676692,1.0178195488721804,2.413793103448276
typic,1.0175,1.020625,3.0999999999999996
ultim,1.0066666666666666,1.015,1.4615384615384617
ultrason,1.037037037037037,0.0,26.0
ultraviolet,0.0,0.0,19.0
unavail,0.0,0.0,13.0
uncertain,1.02,1.025,3.25
uncertainti,1.02,1.025,4.0
undergo,1.0133333333333334,1.02,2.333333333333333
undergon,1.0133333333333334,1.02,2.090909090909091
undergradu,1.02,1.025,3.25
underli,1.02,1.025,3.25
understand,1.023076923076923,1.025153846153846,6.232558139534884
undertak,1.0246153846153847,1.0253846153846153,5.363636363636363
undertaken,1.030967741935484,1.0290322580645161,13.0
unemploy,1.022857142857143,1.0214285714285714,3.4000000000000004
unfortun,1.0066666666666666,1.015,1.4615384615384617
unhid,0.0,0.0,10.0
unifi,1.0266666666666666,1.0266666666666666,5.5
uniform,1.0222222222222221,0.0,4.75
uniqu,1.0223529411764707,1.0220588235294117,4.5625
unit,1.0136842105263157,1.019736842105263,2.625
univers,1.0210169491525423,1.0249152542372881,5.428571428571429
unpredict,1.0285714285714285,1.0214285714285714,4.75
updat,1.029090909090909,1.026590909090909,10.142857142857142
upload,1.0254545454545454,1.0272727272727273,5.666666666666667
upon,1.0032,1.0192,1.3157894736842106
urban,1.02,1.024375,4.428571428571429
usabl,1.030112359550562,1.0286516853932584,14.4
usag,1.0196610169491525,1.0223728813559323,4.222222222222222
use,1.015216258467952,1.0204637832204273,3.217721518987342
user,1.0248,1.027975,8.790575916230367
usual,1.0066666666666666,1.015,1.5454545454545454
util,1.014478527607362,1.018036809815951,2.735294117647059
valid,1.0194285714285714,1.0227142857142857,4.3442622950819665
valu,1.018019801980198,1.0233168316831682,4.309090909090909
vari,1.02,1.02,3.25
variabl,1.0233333333333334,1.0282142857142857,7.533333333333333
varianc,1.0,0.0,1.0
varieti,1.0146153846153847,1.021346153846154,2.932203389830508
variou,1.02125,1.02296875,4.777777777777778
vector,1.0333333333333334,1.0291666666666666,17.363636363636363
vehicl,1.0269565217391303,1.0271739130434783,9.71875
vehicular,0.0,0.0,56.5
ventil,1.0266666666666666,1.025,4.428571428571429
ventur,1.02,0.0,4.818181818181818
verbal,0.0,0.0,97.0
verif,1.0175,1.02625,3.8
verifi,1.015,1.0215625,3.1818181818181817
version,1.0275555555555556,1.0273333333333334,8.75
viabil,1.0369230769230768,1.0288461538461537,21.57142857142857
vibrat,0.0,0.0,10.0
vicent,1.02,0.0,4.6
vicin,1.02,1.0225,3.1818181818181817
video,1.022857142857143,1.0271428571428571,5.800000000000001
view,1.0285714285714285,1.0275,10.473684210526315
villag,1.02,1.0225,3.1818181818181817
violat,1.0257142857142858,1.0257142857142858,5.909090909090909
viral,1.02,1.025,4.0
virtual,1.0303030303030303,1.0263636363636364,11.0
viru,1.023157894736842,1.0252631578947369,5.3999999999999995
visibl,1.0222222222222221,1.0266666666666666,4.333333333333334
vision,1.0218181818181817,1.0286363636363636,6.538461538461538
visit,1.0234482758620689,1.026896551724138,6.368421052631579
visual,1.02,1.0264,5.054054054054054
vital,1.008888888888889,1.0166666666666666,1.8
vocabulari,0.0,0.0,10.0
voic,1.016470588235294,1.0247058823529411,3.4705882352941178
volum,1.0266666666666666,1.027,7.666666666666667
vote,1.0333333333333334,0.0,7.0
vulner,1.0285714285714285,0.0,10.0
wage,0.0,0.0,10.0
wait,1.0171428571428571,1.0214285714285714,2.8
walk,1.025,1.02625,4.75
wall,1.028,1.027,6.25
wame,0.0,0.0,11.5
want,1.0176,1.0222,3.64
warehous,1.02,0.0,4.818181818181818
warn,1.0266666666666666,0.0,8.636363636363637
wash,1.022857142857143,1.0257142857142858,4.0
wast,1.02,1.027162162162162,5.4399999999999995
water,1.0252777777777777,1.025,7.578313253012048
waterfal,0.0,0.0,83.5
wave,1.01,1.015,1.75
way,1.0148148148148148,1.02,2.8181818181818183
weak,1.0235294117647058,1.0247058823529411,5.285714285714286
wear,1.015,1.0225,3.0
wearabl,1.0314285714285714,1.0278571428571428,9.25
weather,1.02,0.0,4.818181818181818
webbas,0.0,0.0,98.5
websit,1.0205405405405406,1.0202702702702702,3.8499999999999996
wed,0.0,0.0,26.5
weight,1.0068085106382978,1.0197872340425531,1.716417910447761
welfar,0.0,0.0,23.5
well,1.0138364779874214,1.0190566037735849,2.75531914893617
wellb,1.0266666666666666,1.025,5.800000000000001
west,1.02,0.0,4.0
western,1.02,0.0,4.0
wheel,0.0,0.0,10.0
whenev,0.0,0.0,31.0
wherea,1.0254545454545454,1.0245454545454546,5.199999999999999
wherein,1.0315789473684212,1.026842105263158,11.588235294117647
whether,1.0183783783783784,1.0186486486486486,3.3181818181818183
who,0.0,0.0,11.5
whohan,0.0,0.0,13.0
whole,1.0235294117647058,1.0238235294117648,5.285714285714286
wholesal,1.02,0.0,4.0
whose,1.0188235294117647,1.0211764705882354,3.4000000000000004
wide,1.0158333333333334,1.019375,3.0357142857142856
will,1.033548387096774,1.0290322580645161,16.6
wind,0.0,0.0,28.0
window,1.0266666666666666,1.025,4.428571428571429
wire,0.0,0.0,10.0
wireless,1.02,0.0,4.6
within,1.0152380952380953,1.0185714285714287,2.8897637795275593
without,1.0163934426229508,1.0221311475409836,3.419354838709677
women,1.0171428571428571,1.0257142857142858,3.4000000000000004
word,1.0164285714285715,1.0235714285714286,3.6037735849056602
wordofmouth,1.02,0.0,3.571428571428571
work,1.017737556561086,1.019683257918552,3.502127659574468
worker,1.0247272727272727,1.0267272727272727,7.375
workflow,1.024,0.0,6.4
workforc,1.016,1.024,2.8461538461538463
workload,1.0,0.0,1.0
world,1.0130120481927711,1.0180722891566265,2.514018691588785
worldwid,1.0183333333333333,1.02375,3.75
worri,0.0,0.0,10.0
worst,1.0355555555555556,0.0,10.600000000000001
write,1.0276923076923077,1.0276923076923077,7.0
writer,0.0,0.0,10.0
written,1.018181818181818,1.0245454545454546,3.5
xampp,0.0,0.0,26.5
year,1.032695652173913,1.0269347826086956,15.369426751592357
young,0.0,0.0,32.5
zimbabw,1.02,0.0,4.0
zone,1.02,0.0,4.0
