Terms,Weights
1000,1.0233333333333334
10000,1.02
100000,1.0288
1000000,1.0325
14000,1.02
1920,1.03
1960,1.0166666666666666
1970,1.024
1974,1.022857142857143
1977,1.016
1979,1.023157894736842
1980,1.0127272727272727
1981,0.0
1983,1.0213333333333334
1984,1.022857142857143
1985,1.0171428571428571
1986,1.02
1987,1.0256
1988,1.02
1989,1.0171428571428571
1990,1.0195348837209302
1991,1.0175
1993,1.0217142857142858
1994,1.020377358490566
1995,1.0225352112676056
1996,1.0205405405405406
1997,1.0123076923076924
1998,1.0179710144927536
1999,1.02125
2000,1.024778761061947
20000,0.0
2001,1.0209756097560976
2002,1.0286868686868686
2003,1.0218181818181817
2004,1.0254054054054054
2005,1.0282105263157895
2006,1.0266666666666666
2007,1.02656
2008,1.0241134751773049
2009,1.0269767441860465
2010,1.0319402985074626
2011,1.0296296296296297
2012,1.0304980842911877
2013,1.0293827160493827
2014,1.0289182058047492
2015,1.0277756286266924
2016,1.026429980276134
2017,1.0244280442804428
2018,1.0190374331550802
2019,1.0193071593533487
2020,1.016842105263158
2021,1.014390243902439
2022,1.0
2025,1.0121739130434784
2030,1.015
2050,1.0066666666666666
2071,1.02
20th,0.0
21st,1.0254545454545454
2500,1.0222222222222221
3000,1.0184615384615385
30000,1.0333333333333334
5000,1.0184615384615385
60000,1.0266666666666666
8000,1.0133333333333334
9003,0.0
9482,0.0
abil,1.0172121212121212
abl,1.0127941176470587
abnorm,1.0333333333333334
abovement,1.0171428571428571
abroad,1.0066666666666666
absenc,1.0176
absent,0.0
absolut,1.02
abstract,1.0234482758620689
abund,1.0184615384615385
abus,1.02
academ,1.0205633802816902
academi,0.0
acceler,1.021
accept,1.0253333333333334
access,1.016190476190476
accessori,1.016
accid,1.0339130434782609
accommod,1.026865671641791
accompani,1.0152380952380953
accomplish,1.013877551020408
accord,1.018788522848034
accordingli,1.0133333333333334
account,1.0327113062568607
accredit,0.0
accumul,1.0129411764705882
accur,1.0241095890410958
accuraci,1.0376699029126213
achiev,1.0206940063091483
acid,1.0213333333333334
acknowledg,1.016
aclc,1.0252631578947369
acquir,1.0157446808510637
acquisit,1.0166666666666666
across,1.016258064516129
act,1.0152380952380953
action,1.0216585365853659
activ,1.0171428571428571
actor,1.0218181818181817
actual,1.0201709401709402
actuat,1.02
acut,1.02
ad,1.0233513513513515
adamson,0.0
adapt,1.0220930232558139
add,1.0218181818181817
addit,1.0153995157384987
address,1.0142857142857142
ade,0.0
adequ,1.0183783783783784
adher,1.0233333333333334
adhoc,1.018181818181818
adjac,1.0145454545454546
adjust,1.0211764705882354
admin,0.0
administ,1.0123076923076924
administr,1.0263080684596577
admiss,1.0356756756756758
admit,1.0218181818181817
adolesc,1.022857142857143
adopt,1.016190476190476
adult,1.0258823529411765
advanc,1.0201639344262294
advantag,1.0163440860215054
advent,1.019047619047619
adventur,1.0213333333333334
advers,1.0147368421052632
advertis,1.0347747747747749
advic,1.016
advis,1.0222222222222221
advisori,0.0
advoc,1.0133333333333334
aesthet,1.0357142857142858
affect,1.0155294117647058
afford,1.0184615384615385
aforement,1.0133333333333334
africa,1.02
african,1.0171428571428571
afterward,1.025
age,1.0286315789473683
agenc,1.01856
agenda,1.0066666666666666
agent,1.02
aggreg,1.01
aggress,1.0186666666666666
agil,1.0218181818181817
agre,1.024
agreement,1.0326153846153847
agricultur,1.0188070175438597
agro,1.0333333333333334
agusan,1.0253846153846153
ahead,1.017391304347826
ahm,1.0213333333333334
aid,1.0207407407407407
aim,1.013157894736842
airborn,1.0285714285714285
airlin,1.035
airport,1.0171428571428571
alarm,1.032
alcohol,1.029
alcoholrel,0.0
alert,1.0372413793103448
algorithm,1.0378818737270876
align,1.02
alik,1.025
alkalin,0.0
alkhatib,0.0
allevi,1.016
alli,1.022857142857143
allianc,0.0
alloc,1.0215384615384615
allow,1.01672131147541
almost,1.0145098039215685
alon,1.0227450980392156
along,1.0108196721311475
alongsid,1.0215384615384615
alreadi,1.0202083333333334
altem,1.02
alter,1.0184615384615385
altern,1.0124223602484472
although,1.0157798165137615
alumni,0.0
alway,1.0170629370629372
amaz,1.0222222222222221
amazon,1.0
ambago,1.0266666666666666
ambigu,1.0285714285714285
america,1.0094117647058825
american,1.0133333333333334
ammonia,0.0
among,1.0156351791530944
amongst,1.0133333333333334
amount,1.0283475298126066
ampl,1.016
analys,1.018125
analysi,1.0251124744376279
analyst,1.02
analyt,1.018181818181818
analyz,1.0287179487179487
anant,0.0
ancestr,1.0327272727272727
ancient,1.0188235294117647
anderson,0.0
andor,1.0144
andrew,0.0
android,1.030909090909091
androidbas,1.0327272727272727
anim,1.0271428571428571
announc,1.0141176470588236
annual,1.0281761006289307
annum,1.02
anomali,1.034
anoth,1.0169395017793594
anpr,1.02
answer,1.0184269662921348
anticala,0.0
anticip,1.0258823529411765
anxieti,1.0139130434782608
anymor,1.0066666666666666
anyon,1.024
anyth,1.0145454545454546
anytim,1.0106666666666666
anywher,1.0142857142857142
apart,1.0171428571428571
app,1.02125
appar,1.0133333333333334
apparatus,0.0
appeal,1.0216216216216216
appear,1.0212987012987014
appli,1.0177622377622377
applianc,1.0263157894736843
applic,1.0152833638025593
appoint,1.0226086956521738
apprais,1.0066666666666666
appreci,1.0177777777777777
approach,1.0278884462151394
appropri,1.0136
approv,1.0300671140939597
approxim,1.0148148148148148
april,1.0250980392156863
aptitud,1.02
aqua,1.032
aquacultur,0.0
aquino,1.0311239193083575
arab,1.0
arabia,1.0205714285714285
archetyp,1.029090909090909
architectur,1.03808
archiv,1.0373333333333334
arduino,1.031304347826087
area,1.0146861924686192
arent,1.02
argu,1.029090909090909
aris,1.0175757575757576
arm,1.0171428571428571
around,1.0128342245989306
arrang,1.0133333333333334
arriv,1.0157377049180327
art,1.016
articl,1.021
artifici,1.0272463768115943
artisan,0.0
asia,1.0206451612903227
asian,1.0188235294117647
asid,1.0169230769230768
ask,1.027936507936508
aspect,1.0157142857142858
aspir,1.0208695652173914
assembl,1.0266666666666666
assert,1.024
assess,1.0138211382113822
assessor,0.0
asset,1.020983606557377
assign,1.0171929824561403
assist,1.016695652173913
associ,1.0144
assort,1.0133333333333334
assum,1.0085714285714287
assumpt,1.0
assur,1.0136363636363637
asynchron,1.031111111111111
ation,1.028
atmospher,1.016551724137931
attach,1.022857142857143
attack,1.0335632183908046
attain,1.0219354838709678
attempt,1.01625
attend,1.0203636363636364
attent,1.0153672316384181
attitud,1.0304132231404959
attorney,0.0
attract,1.0213636363636365
attribut,1.0234319526627218
audienc,1.0274074074074073
audio,1.0189473684210526
audit,1.0175
augment,1.024186046511628
august,1.0254545454545454
australia,1.024
authent,1.03044776119403
author,1.0208695652173914
auto,1.01
autom,1.0219718309859156
automat,1.0191752577319588
automobil,1.0114285714285713
automot,1.0145454545454546
autonom,1.0366666666666666
autonomi,1.022857142857143
avail,1.0204516129032257
avenu,1.030391061452514
averag,1.0140845070422535
avoid,1.0145238095238096
awar,1.0209655172413794
away,1.0148387096774194
ayurveda,1.02
baan,0.0
babi,1.033
bachelor,1.0293175074183976
back,1.0182142857142857
backbon,1.025
backend,1.03
background,1.0155023923444977
backofthebook,0.0
backward,1.0177777777777777
bacteria,1.0266666666666666
bag,1.01
balanc,1.0226470588235295
banana,1.0213333333333334
band,1.0
banerje,0.0
bank,1.0309251101321586
bar,1.02
barangay,1.0203753351206435
barrier,1.0182857142857142
base,1.0187387387387388
basi,1.0223880597014925
basic,1.012565445026178
basin,0.0
bathroom,0.0
batteri,1.028
bayanihan,0.0
be,1.015
bear,1.0218181818181817
beat,1.0266666666666666
beauti,1.0163636363636364
becam,1.0133333333333334
becom,1.0140726577437857
began,1.0169230769230768
begin,1.0123076923076924
behalf,1.02
behav,1.02
behavior,1.02371335504886
behaviour,1.0304972375690609
behind,1.0206451612903227
belda,0.0
belief,1.0
believ,1.016
belong,1.0133333333333334
belt,1.0333333333333334
benchmark,1.02
benefici,1.0185185185185186
beneficiari,1.0172549019607844
benefit,1.014032258064516
besid,1.0222222222222221
best,1.0155450236966825
better,1.0154838709677418
beverag,1.0244444444444445
beyond,1.018181818181818
bia,1.0215384615384615
bicycl,1.022857142857143
bid,0.0
bigger,1.0210526315789474
biggest,1.022
bike,0.0
bilater,1.022857142857143
bill,1.017548387096774
billion,1.018840579710145
bin,0.0
biodegrad,1.02
biolog,1.0189473684210526
biometr,1.0276923076923077
bird,1.0353488372093023
birth,1.0066666666666666
bislig,1.02
black,1.0188235294117647
blast,0.0
blend,1.0171428571428571
blind,1.023076923076923
block,1.0212048192771084
blockag,1.022857142857143
blog,1.0266666666666666
blood,1.0215652173913043
blue,1.0193939393939393
board,1.0235294117647058
bodi,1.0180530973451327
bonbon,0.0
bond,1.0114285714285713
bone,1.0218181818181817
book,1.0232335329341318
boom,1.0177777777777777
boost,1.0213953488372094
bootstrap,1.0266666666666666
border,1.0315151515151515
bore,1.0177777777777777
born,1.028
borrow,1.0360526315789473
bottl,1.0237837837837838
bottom,1.0285714285714285
bought,1.0066666666666666
bound,1.0169230769230768
boundari,1.01
box,1.0282352941176471
brain,1.034375
branch,1.0133333333333334
brand,1.0298969072164947
breach,1.0133333333333334
bread,1.0177777777777777
break,1.02
breakdown,1.0177777777777777
breakin,0.0
breath,1.028
brgi,1.016
brick,1.03
bridg,1.0195121951219512
brief,1.02
briefli,1.0266666666666666
brigad,0.0
bright,1.02
bring,1.015111111111111
broad,1.0133333333333334
broadcast,1.0133333333333334
broadli,1.02
broken,1.0085714285714287
brought,1.0164285714285715
brown,1.023030303030303
brows,1.02
browser,1.0254545454545454
budget,1.0161290322580645
buenavista,1.0258064516129033
build,1.0229519071310116
builder,1.02
buildup,0.0
built,1.0061538461538462
bulk,1.0275862068965518
bunch,1.0266666666666666
burden,1.0171428571428571
bureau,1.0176
burglar,0.0
burglari,0.0
burn,1.016
buse,1.032258064516129
busi,1.0178073770491802
button,1.0171428571428571
butuan,1.0224364592462751
butuanon,0.0
buy,1.0366480446927375
buyer,1.0233663366336634
byproduct,1.0133333333333334
cabadbaran,0.0
cabl,1.0
cach,1.0266666666666666
cafe,1.0303448275862068
cagayan,1.022857142857143
cake,0.0
calam,0.0
calcul,1.0258536585365854
calendar,1.0166666666666666
california,0.0
call,1.0160810810810812
calori,1.0133333333333334
came,1.015
camera,1.0194285714285714
campaign,1.0222222222222221
campu,1.0266666666666666
camscann,1.0285714285714285
can,1.02
canada,1.022857142857143
cancel,1.018181818181818
cancer,1.0375609756097561
candi,0.0
candid,0.0
cant,1.02
capabl,1.014640522875817
capac,1.0217142857142858
capit,1.0197872340425531
capita,1.0133333333333334
captiv,1.0133333333333334
captur,1.0180952380952382
car,1.016969696969697
caraga,1.0306024096385542
carbon,1.02
card,1.0219512195121951
cardiovascular,1.0378947368421052
care,1.0175401069518717
career,1.0215384615384615
carnap,0.0
carri,1.018974358974359
carrier,1.016842105263158
cart,1.0114285714285713
case,1.01592
cash,1.0270422535211268
cashier,1.0308695652173914
cashless,0.0
cassava,1.0
cast,1.0133333333333334
catalog,0.0
cataract,1.02
catch,1.0142857142857142
categor,1.029375
categori,1.0203846153846154
cater,1.0133333333333334
caught,1.035294117647059
caus,1.018512396694215
cctv,1.016
cdrrmo,0.0
celebr,1.0133333333333334
cell,1.030188679245283
cellular,1.016470588235294
cement,1.02
censu,1.0297142857142858
cent,1.0314893617021277
center,1.0208294930875577
centr,1.020952380952381
central,1.0154621848739496
centric,1.01
centuri,1.0172413793103448
cereal,1.025
certain,1.0138823529411765
certif,1.021492537313433
certifi,1.02
chain,1.02
chairman,1.0177777777777777
challeng,1.020126582278481
champion,1.022857142857143
chanc,1.0187878787878788
chang,1.0175867768595042
channel,1.0271304347826087
chapter,1.0238127090301004
charact,1.0177777777777777
character,1.0316981132075471
characterist,1.023095238095238
charcoal,1.02
charg,1.0338775510204081
chart,1.0330434782608695
chat,1.0133333333333334
chatbot,1.0280597014925372
cheap,1.024
cheaper,1.031111111111111
check,1.0204761904761905
checklist,1.029090909090909
ched,0.0
chemic,1.0130612244897959
chen,1.0246153846153847
chest,1.0346666666666666
chicken,1.02
chief,1.02
child,1.0193548387096774
childhood,1.028
children,1.0172972972972973
china,1.022047244094488
chines,1.019047619047619
chocol,1.02
choic,1.023793103448276
choos,1.0159349593495934
chore,1.0282352941176471
chose,1.0085714285714287
chosen,1.0114285714285713
chou,1.0266666666666666
christma,1.0133333333333334
chronic,1.03
church,0.0
cigarett,0.0
circl,1.0246153846153847
circul,1.0324528301886793
circumst,1.02
cite,1.0175
citi,1.019851362510322
citizen,1.02
civil,1.0193103448275862
claim,1.0222222222222221
clariti,1.0177777777777777
class,1.0213675213675213
classic,1.031304347826087
classif,1.0369696969696969
classifi,1.030974358974359
classroom,1.0225352112676056
clean,1.0230588235294118
clear,1.0146666666666666
clearanc,1.02
clearli,1.0191304347826087
clerk,0.0
click,1.0141176470588236
client,1.0260532687651331
climat,1.013
clinic,1.02
close,1.0162162162162163
closer,1.018181818181818
closest,1.02
closur,1.0171428571428571
cloth,1.029
cloud,1.038139534883721
cluster,1.0313178294573644
clutter,1.029090909090909
coco,1.0218181818181817
coconut,1.02
code,1.0194520547945205
coeffici,1.0
coffe,1.0314018691588784
cognit,1.028433734939759
cohen,1.0266666666666666
coin,1.0365217391304349
coincid,1.02
cold,1.0222222222222221
collabor,1.031063829787234
collar,0.0
collater,1.0375
colleagu,1.0152380952380953
collect,1.025993690851735
collector,1.0359493670886075
colleg,1.023820224719101
collis,0.0
color,1.0172661870503596
colorcod,0.0
colour,1.02
column,1.02
combin,1.0232967032967033
come,1.0121985815602836
comfort,1.0213333333333334
command,1.0289655172413794
commenc,1.02
comment,1.0044444444444445
commerc,1.0262068965517241
commerci,1.0228169014084507
commiss,1.0154545454545454
commit,1.0166153846153847
committe,1.022857142857143
commod,1.0130232558139536
common,1.0158
commonli,1.0145
commun,1.0119254658385093
commut,1.032
compani,1.0282824025289778
compar,1.01775
comparison,1.0197260273972604
compat,1.0171428571428571
compel,1.0175
compens,1.0184615384615385
compet,1.011645569620253
competencybas,0.0
competit,1.02
competitor,1.0237837837837838
compil,1.0066666666666666
complain,1.0297435897435898
complaint,1.0357777777777777
complement,1.03
complementari,1.029090909090909
complet,1.01396449704142
complex,1.0258490566037737
compli,1.0133333333333334
complianc,1.0177777777777777
complic,1.017
compon,1.0154146341463415
compos,1.015897435897436
composit,1.0262295081967212
compound,0.0
comprehend,1.020952380952381
comprehens,1.0128301886792452
compris,1.0128
compromis,1.024
comput,1.024274061990212
computer,1.020952380952381
computerbas,1.0305882352941176
concem,1.018888888888889
concentr,1.0215384615384615
concept,1.0156401384083045
conceptu,1.0150819672131148
concern,1.011945701357466
conclud,1.0262745098039217
conclus,1.0290076335877862
concurr,1.0222222222222221
condit,1.0159726962457338
conduct,1.0152763819095478
conductor,0.0
confer,1.02
confid,1.0072727272727273
configur,1.0314285714285714
confin,1.01
confirm,1.017283950617284
conflict,1.0133333333333334
confront,1.0166666666666666
confus,1.0125
congest,1.024
connect,1.0114285714285713
consciou,1.0213333333333334
consecut,1.0133333333333334
consensu,1.018181818181818
consequ,1.0134736842105263
conserv,1.010909090909091
consid,1.016116910229645
consider,1.016448598130841
consist,1.0159203980099503
consolid,1.0243478260869565
consortium,1.022857142857143
constant,1.026
constantli,1.0179310344827586
constitu,1.016
constitut,1.0176744186046511
constrain,1.0126315789473683
constraint,1.024561403508772
construct,1.0173469387755103
consult,0.0
consum,1.0307596899224807
consumpt,1.0171717171717172
contact,1.0196756756756757
contagi,0.0
contain,1.0139901477832511
contamin,1.0266666666666666
contemporari,1.0139130434782608
content,1.016851851851852
context,1.0126517571884983
contextu,1.0133333333333334
contin,1.0166666666666666
conting,1.022857142857143
continu,1.0145195729537366
contract,1.0235
contractor,1.0380952380952382
contrari,1.0218181818181817
contrast,1.027027027027027
contribut,1.016
contributor,1.0066666666666666
control,1.0191923990498812
conveni,1.0143396226415093
convent,1.017283950617284
converg,1.0375
convers,1.02
convert,1.0156962025316456
convey,1.016842105263158
convolut,1.037922077922078
cook,1.026909090909091
cool,1.03
coop,1.02
cooper,1.0285822306238186
coordin,1.0176470588235293
cope,1.0166666666666666
copi,1.0104347826086957
core,1.0163265306122449
corn,1.0284931506849315
corner,1.0186666666666666
corona,1.025
coronaviru,1.0217777777777777
coronavirus,1.0266666666666666
corpor,1.0247916666666668
correct,1.0272222222222223
correctli,1.0224
correl,1.0204444444444445
correspond,1.0227848101265822
cost,1.0151428571428571
costeffect,1.031111111111111
costli,1.0147368421052632
cottag,1.02
cough,1.0243478260869565
could,1.0106756756756756
council,1.0166666666666666
counsel,1.02
count,1.025
counter,1.0105263157894737
counterpart,1.0133333333333334
countless,1.022857142857143
countri,1.01438127090301
coupl,1.016
cours,1.0190849673202615
court,0.0
cover,1.016470588235294
covid,1.0192592592592593
covid19,1.0134603174603174
crack,1.0133333333333334
crank,0.0
crash,1.0333333333333334
cream,1.02
creat,1.0126558891454964
creation,1.0129577464788733
creativ,1.0151724137931035
creator,1.0222222222222221
credenti,1.0266666666666666
credibl,1.0235294117647058
credit,1.0320430107526881
creditworthi,0.0
crew,1.02
crime,1.0234862385321102
crimin,1.0235294117647058
crise,1.025
crisi,1.0324528301886793
crisob,0.0
cristob,0.0
criteria,1.0243137254901962
critic,1.0179527559055117
crop,1.0151351351351352
crore,1.02
cross,1.0194594594594595
crowd,1.0133333333333334
crucial,1.0207407407407407
crude,1.02
crystal,1.0282352941176471
cue,1.0
cultiv,1.0275862068965518
cultur,1.0219607843137255
cumul,1.025
currenc,1.0157575757575759
current,1.0133609958506224
curriculum,1.0242424242424242
custom,1.0326982861697886
cut,1.0188235294117647
cutter,1.02
cyber,1.031111111111111
cybersecur,1.032
cycl,1.016
cylind,1.02
daili,1.0167741935483872
damag,1.0143478260869565
danger,1.0276923076923077
dark,1.0218181818181817
data,1.0262282398452611
databas,1.0231746031746032
date,1.0335922330097087
davao,0.0
day,1.0314285714285714
daytoday,1.02
dead,1.0327272727272727
deaf,1.0313513513513513
deal,1.0166423357664234
dean,1.0342857142857143
dearth,1.02
death,1.02
debt,1.0376
decad,1.0125
decemb,1.0033333333333334
decid,1.0202
decis,1.0149438202247192
decisionmak,1.0196491228070175
declar,1.018
declin,1.024186046511628
decor,1.0292307692307692
decreas,1.0296888888888889
dedic,1.0285714285714285
deduct,0.0
deem,1.0139130434782608
deep,1.036256157635468
deepli,1.024
defect,1.0242622950819673
defend,1.029090909090909
defens,1.031111111111111
defici,1.0166666666666666
deficit,1.024
defin,1.016205128205128
definit,1.0138888888888888
degrad,1.012
degre,1.0130337078651686
delay,1.0195652173913043
deliber,1.0106666666666666
delici,0.0
delight,1.02
delinqu,1.0394350282485876
deliv,1.02375
deliveri,1.0197356828193833
delta,0.0
demand,1.0176451077943616
democrat,1.022857142857143
demograph,1.0
demonstr,1.0222784810126582
dengu,1.0323076923076924
densiti,1.0206896551724138
depart,1.0151495016611296
department,0.0
depe,0.0
depend,1.0144262295081967
depict,1.0257142857142858
deploy,1.008888888888889
deposit,1.031219512195122
depreci,1.025
depress,1.0145454545454546
depth,1.017391304347826
deriv,1.0177777777777777
dermatologist,1.0327272727272727
describ,1.0262264150943397
descript,1.0223376623376623
deserv,1.01
design,1.0234710743801654
desir,1.0135922330097087
deskroom,0.0
despit,1.0186666666666666
destin,1.0135211267605633
destroy,1.0177777777777777
destruct,1.02
detail,1.0244897959183674
detain,0.0
detect,1.029225352112676
detector,1.0329411764705883
deterior,1.025
determin,1.0149382716049382
detriment,1.0266666666666666
devast,1.02
develop,1.011586051743532
development,0.0
devic,1.020186046511628
devis,1.02
devot,1.02
diagnos,1.0254545454545454
diagnosi,1.0366666666666666
diagnost,1.02
dialect,1.0225
diarrhea,0.0
diastol,0.0
dictionari,1.02
die,1.0175
diet,1.0287179487179487
dietari,1.0327272727272727
differ,1.0164428739693758
differenti,1.013090909090909
difficult,1.0194594594594595
difficulti,1.015625
digit,1.0183150183150182
dilemma,1.0142857142857142
dimens,1.024
dimension,1.0066666666666666
diminish,1.0177777777777777
direct,1.0120967741935485
directli,1.0150427350427351
director,1.0189473684210526
disabl,1.019047619047619
disadvantag,1.02125
disast,1.0269565217391303
discard,1.02
discern,1.0177777777777777
discharg,1.023157894736842
disciplin,1.0357142857142858
disclosur,1.0215384615384615
discontinu,1.0276923076923077
discount,1.02
discov,1.0176
discoveri,1.008888888888889
discret,1.0266666666666666
discrimin,1.023076923076923
discuss,1.0217994858611825
diseas,1.0191044776119402
dish,1.0204255319148936
disinfect,0.0
disk,1.0266666666666666
disord,1.0173333333333334
dispatch,1.0218181818181817
dispens,1.0325
display,1.0233333333333334
dispos,1.0142857142857142
disrupt,1.0133333333333334
dissatisfact,1.0213333333333334
dissemin,1.0254545454545454
distanc,1.0208791208791208
distinct,1.0161290322580645
distinguish,1.02
distribut,1.0198181818181817
district,1.0136842105263157
disturb,1.0315789473684212
divers,1.007843137254902
diversif,0.0
diversifi,1.0066666666666666
divid,1.023157894736842
divis,1.0266666666666666
doctor,1.0223728813559323
document,1.0208839779005525
doesnt,1.02
dog,0.0
dole,0.0
dollar,1.0208
domain,1.0327272727272727
domest,1.0202298850574714
domin,1.0093333333333334
done,1.0191666666666668
dont,1.017391304347826
door,1.0254545454545454
doorstep,1.022857142857143
dormitori,0.0
dose,1.03
doubl,1.019047619047619
doubt,1.01
download,1.028888888888889
downtown,1.02
drain,1.008888888888889
dramat,1.0226086956521738
drastic,1.016
draw,1.0123076923076924
drawback,1.032
drawn,1.028
dream,1.02
dress,1.0266666666666666
dri,1.024406779661017
drink,1.0224242424242425
drive,1.0124770642201835
driven,1.015
driver,1.0202061855670104
drop,1.0140540540540541
droplet,0.0
drought,1.028
drpedia,0.0
drrm,0.0
drug,1.009090909090909
drunkdriv,0.0
dump,1.0218181818181817
duplic,1.0146666666666666
durat,1.0167741935483872
duti,1.0066666666666666
dwell,1.022857142857143
dynam,1.0225454545454546
earli,1.0212844036697248
earlier,1.0070588235294118
earn,1.0218181818181817
earth,1.024516129032258
earthquak,1.0289655172413794
eas,1.015294117647059
easi,1.0168595041322315
easier,1.0192207792207792
easiest,1.035
easili,1.0171428571428571
east,1.0142857142857142
eastern,1.022857142857143
easytous,0.0
eat,1.0188235294117647
eclassroom,0.0
ecolog,1.0047058823529411
ecommerc,1.028091603053435
econom,1.0179166666666666
economi,1.0187978142076504
ecosystem,1.0166666666666666
ecotour,1.0373333333333334
edg,1.0364356435643565
edit,1.010909090909091
educ,1.0156291390728476
effect,1.0144289693593316
efficaci,1.031111111111111
effici,1.0201058201058202
effort,1.0139226519337017
egg,1.0276923076923077
egypt,1.02
eight,1.0072727272727273
either,1.013793103448276
elderli,1.0215384615384615
elearn,1.0293333333333334
electr,1.0149618320610687
electron,1.015049504950495
element,1.014263565891473
elementari,1.011111111111111
elev,1.01
elig,1.024
elimin,1.0207407407407407
els,1.0213333333333334
email,1.0025806451612904
embed,1.0220408163265307
embrac,1.0147368421052632
emerg,1.0154581673306773
emiss,1.0166666666666666
emot,1.0235294117647058
emphas,1.0153191489361701
emphasi,1.016
emphasis,1.02
empir,1.0236065573770492
employ,1.0127586206896553
employe,1.024
empow,1.02
empower,1.0244444444444445
empti,0.0
emul,1.015
enabl,1.0156701030927835
enact,1.0171428571428571
enclos,1.0266666666666666
encod,1.023157894736842
encompass,1.0171428571428571
encount,1.016
encourag,1.014857142857143
end,1.0261538461538462
endeavor,1.01
endors,1.0368421052631578
endur,1.0222222222222221
energi,1.0190728476821191
enforc,1.0288372093023255
engag,1.0154601226993865
engin,1.0257309941520467
english,1.0304
enhanc,1.0141428571428572
enjoy,1.0143396226415093
enlarg,1.025
enorm,1.0133333333333334
enough,1.02
enrol,1.0326666666666666
ensur,1.0117391304347827
entail,1.0144
enter,1.0194594594594595
enterpris,1.0157377049180327
entertain,1.0163934426229508
enthusiasm,1.0184615384615385
enthusiast,1.0177777777777777
entic,1.02
entir,1.0136585365853659
entiti,1.0216470588235294
entitl,1.027027027027027
entranc,1.0257142857142858
entrepreneur,1.0213333333333334
entrepreneuri,0.0
entri,1.0176
environ,1.0156818181818181
environment,1.0204329004329005
envis,1.0133333333333334
epidem,1.0215384615384615
equal,1.017391304347826
equat,1.024516129032258
equip,1.015
equiti,1.02
equival,1.0182857142857142
error,1.0266666666666666
escap,1.024
especi,1.0125882352941176
essenc,1.02
essenti,1.0135714285714286
establish,1.0135757575757576
estat,1.0185714285714287
estim,1.022110552763819
etal,1.0253658536585366
ethic,1.016
ethiopia,1.02
ethiopian,1.02
ethnic,1.0263636363636364
europ,1.0162962962962963
european,1.0266666666666666
evacu,1.031764705882353
evacue,1.03
evad,1.0333333333333334
evalu,1.0208130081300812
evapor,1.022857142857143
even,1.0147945205479452
event,1.0123076923076924
eventu,1.0094117647058825
ever,1.0140350877192983
everchang,1.0285714285714285
evergrow,1.02
everi,1.0163709677419355
everincreas,1.02
everybodi,1.0184615384615385
everyday,1.0179310344827586
everyon,1.0184615384615385
everyth,1.0148148148148148
everywher,1.0293333333333334
evid,1.0144578313253012
evolut,1.0257142857142858
evolv,1.0187755102040816
exacerb,1.02
exact,1.0280701754385966
exactli,1.0257142857142858
exam,1.0305263157894737
examin,1.016457142857143
examine,1.0266666666666666
exampl,1.0094814814814814
exce,1.022857142857143
exceed,1.0233333333333334
excel,1.0152380952380953
except,1.022857142857143
excess,1.0121739130434784
exchang,1.02
excit,1.0112
exclud,0.0
exclus,1.0213333333333334
execut,1.0180740740740741
exempt,1.0233333333333334
exercis,1.0204255319148936
exert,1.01
exhaust,1.015
exhibit,1.016551724137931
exist,1.0134072022160665
exit,1.0179310344827586
expand,1.016986301369863
expans,1.013953488372093
expect,1.0186301369863013
expenditur,1.0276923076923077
expens,1.0246913580246915
experi,1.0157425742574258
experienc,1.0233663366336634
experiment,1.0362264150943397
expert,1.0206211180124223
expertis,1.0196078431372548
explain,1.0172881355932204
explan,1.02
explicit,1.0184615384615385
explicitli,1.025
explod,1.0266666666666666
exploit,1.008
explor,1.0176687116564418
explos,1.022857142857143
exponenti,1.027027027027027
export,1.0227027027027027
expos,1.0195348837209302
exposur,1.0135384615384615
express,1.0233898305084745
extant,1.02
extem,1.02
extend,1.0197979797979797
extens,1.022442748091603
extent,1.0155555555555555
extern,1.0072727272727273
extinguish,1.0254545454545454
extra,1.0276923076923077
extract,1.0327638190954773
extrem,1.0214814814814814
eye,1.022857142857143
fabric,1.0176
face,1.016078431372549
facebook,1.02784
facemask,1.022857142857143
facet,1.02
facetofac,1.0266666666666666
facial,1.025531914893617
facil,1.016969696969697
facilit,1.0151612903225806
fact,1.0116883116883117
factor,1.0179661016949153
factori,1.0133333333333334
faculti,1.0348936170212766
fade,1.02
fail,1.0247368421052632
failur,1.0185365853658537
fair,1.0114285714285713
fake,1.0066666666666666
fall,1.0178571428571428
fals,1.0296774193548388
fame,0.0
famili,1.0184090909090908
familiar,1.0180645161290323
famou,1.016842105263158
fan,1.034
fare,1.0266666666666666
farm,1.0264406779661017
farmer,1.0321739130434782
fashion,1.0298305084745762
fast,1.0151456310679612
faster,1.0169230769230768
fastest,1.0171428571428571
fastfood,1.02
fault,1.02
favor,1.0177777777777777
favorit,1.0133333333333334
favour,1.02
fear,1.0282352941176471
feasibl,1.005
featur,1.030234375
februari,1.0233333333333334
feder,1.013793103448276
fee,1.029090909090909
feed,1.0226666666666666
feedback,1.0192307692307692
feel,1.024255319148936
feet,1.024186046511628
felt,1.0304761904761905
femal,1.0175609756097561
fenc,0.0
fertil,1.0215384615384615
fetch,1.0266666666666666
fetu,1.028
fever,1.02
fewer,1.0072727272727273
fiction,1.0066666666666666
field,1.0193979933110369
fifteen,1.033548387096774
fifth,1.0072727272727273
fifti,1.0351219512195122
fight,1.0133333333333334
fighter,0.0
figur,1.0246511627906976
file,1.0257971014492753
filipino,1.027741935483871
fill,1.0176
filter,1.0332075471698112
final,1.0226086956521738
financ,1.0213333333333334
financi,1.0221
find,1.015204081632653
fine,1.0213333333333334
finger,1.02
fingerprint,1.0254545454545454
finish,1.0295495495495495
fire,1.037511111111111
firefight,1.0375
firm,1.0292307692307692
first,1.017939393939394
firstli,1.0177777777777777
fiscal,1.02
fish,1.0285057471264367
fisher,1.0252631578947369
fisheri,1.0257142857142858
fisherman,0.0
fishpond,0.0
fit,1.0175438596491229
five,1.022513661202186
fix,1.018
flame,1.02
flat,1.02
flavor,1.024
flaw,1.024
fleet,1.0307692307692309
flexibl,1.018507462686567
flight,1.02
float,1.0
flood,1.0337614678899083
floor,1.02
flour,1.02
flow,1.0097560975609756
flower,1.0368253968253969
fluctuat,1.0224
fluid,1.0266666666666666
flush,0.0
flyer,1.02
fmcg,1.02
focu,1.0159537572254336
focus,1.0160629921259843
folk,1.0266666666666666
follow,1.017784911717496
food,1.0154193548387096
foot,0.0
forc,1.0146534653465347
forecast,1.0232
foreign,1.0212765957446808
foremost,1.02
forest,1.0216666666666667
forget,1.0215384615384615
forgotten,0.0
form,1.0154330708661417
formal,1.013793103448276
format,1.015111111111111
former,1.0072727272727273
formul,1.0186666666666666
formula,1.0233333333333334
forth,1.008
forti,1.029090909090909
fortun,1.028
forum,1.024
forward,1.024102564102564
foster,1.0184615384615385
foul,0.0
found,1.0165354330708662
foundat,1.0096
four,1.0183720930232558
fourth,1.0166666666666666
fragment,1.03
frame,1.0206451612903227
framework,1.0235789473684211
franc,1.02
franci,1.03
fraud,1.0243478260869565
free,1.0207751937984497
freedom,1.0142857142857142
freeli,1.008
french,1.01
frequenc,1.0251428571428571
frequent,1.0164444444444445
fresh,1.0216949152542374
fri,1.02
friday,1.0266666666666666
friend,1.0205128205128204
friendli,1.0234482758620689
front,1.018709677419355
frontend,1.0355555555555556
fruit,1.0260240963855423
frustrat,1.022857142857143
fuel,1.0193103448275862
fulfil,1.0150724637681159
full,1.018909090909091
fulli,1.0202597402597402
function,1.0206271777003484
fund,1.017029702970297
fundament,1.0166037735849056
furnitur,1.0171428571428571
furthermor,1.016338028169014
fuse,1.0218181818181817
fusion,1.0389473684210526
futur,1.0178260869565217
gadget,1.025
gain,1.017841726618705
gale,0.0
gallon,0.0
game,1.03421875
gamebas,1.029090909090909
gameplay,0.0
gap,1.0163636363636364
garbag,1.0255882352941177
garden,1.0114285714285713
garlic,1.02
gase,1.02
gate,1.0142857142857142
gather,1.0170666666666666
gave,1.032
gear,1.02
gender,1.029090909090909
gener,1.0142134213421343
genet,1.032
geograph,1.0260869565217392
geometr,1.0355555555555556
germani,1.02
gestur,1.031111111111111
get,1.016
ghosh,1.02
give,1.0159336099585061
given,1.0169127516778524
glass,1.019047619047619
glaucoma,1.0266666666666666
global,1.0122292993630573
globe,1.0210526315789474
glove,1.0237037037037038
go,1.0208163265306123
goal,1.012513966480447
goe,1.0142857142857142
gold,1.025
goldberg,0.0
gonzal,0.0
good,1.021384248210024
googl,1.0283870967741935
govern,1.0126463700234192
grab,1.025
grace,1.02
grade,1.030857142857143
gradual,1.0143589743589743
graduat,1.0211320754716982
grain,1.015
grand,1.0254545454545454
grant,1.0272413793103448
graph,1.0
graphic,1.0183783783783784
grasp,1.03
gray,1.0314285714285714
great,1.013125
greater,1.0152112676056337
greatest,1.02
greatli,1.016
green,1.02468085106383
greenhous,1.025
grew,1.016
greyish,0.0
grid,1.0341176470588236
grill,1.02
groceri,1.02875
gross,1.0220689655172415
ground,1.0151724137931035
group,1.0223495702005732
grow,1.0139130434782608
grower,0.0
grown,1.015
growth,1.0147103274559195
guarante,1.0038095238095237
guard,1.0
guest,0.0
guid,1.01375
guidanc,1.0184615384615385
guidelin,1.0193939393939393
gupta,0.0
haar,1.025
habit,1.014
hair,1.0237037037037038
half,1.0251162790697674
hall,1.025
hand,1.0135315985130111
handi,1.0246153846153847
handl,1.0155725190839695
handler,1.0336842105263158
hang,1.0186666666666666
happen,1.0063636363636363
happi,1.0145454545454546
hard,1.0212844036697248
harder,1.02
hardli,1.0218181818181817
hardwar,1.0174647887323944
harm,1.0142857142857142
harmoni,1.02
harvest,1.01
hassl,1.0316666666666667
hasslefre,1.022857142857143
haul,0.0
hazard,1.0215384615384615
head,1.0182758620689656
heal,1.02
health,1.0188865979381443
healthcar,1.0174257425742574
healthi,1.0133333333333334
healthier,1.01
hear,1.0217142857142858
hearingen,0.0
hearingimpair,0.0
heart,1.0275
heartbeat,1.0305882352941176
heat,1.0258064516129033
heavi,1.0215384615384615
heavili,1.016
hectar,1.0285714285714285
hei,1.0222222222222221
height,1.0186666666666666
heighten,1.0266666666666666
held,1.0133333333333334
help,1.0149418604651164
henc,1.014945054945055
henceforth,1.0114285714285713
herbal,1.0264
heritag,1.0177777777777777
hesh,1.0253846153846153
heterogen,1.031764705882353
heurist,1.034
hidden,1.031111111111111
hide,1.0175
hierarch,1.0330434782608695
hierarchi,1.0266666666666666
high,1.0153563218390804
higher,1.0148760330578512
highest,1.016271186440678
highli,1.0144761904761905
highlight,1.01875
highqual,1.008
highway,1.0144
himher,1.0266666666666666
hindi,1.0342857142857143
hindranc,1.025
hire,1.02
hisher,1.0333333333333334
histor,1.0135849056603774
histori,1.0248
historybas,0.0
hold,1.012394366197183
holder,1.015
hole,1.024
holi,1.022857142857143
holiday,1.015
holist,1.0225
home,1.0176410256410255
hong,1.0278260869565217
hope,1.0235294117647058
hospit,1.0164444444444445
host,1.026181818181818
hotel,1.0277777777777777
hour,1.018490566037736
hous,1.0168545994065281
household,1.0216216216216216
housew,1.0266666666666666
howev,1.014746835443038
html,1.0304761904761905
huge,1.0153571428571428
human,1.019063829787234
humid,1.0114285714285713
hundr,1.0321678321678323
hunt,1.0166666666666666
hustl,0.0
hybrid,1.0305084745762711
hydrant,1.0396610169491525
hydrogen,1.0355555555555556
hygien,1.0255555555555556
hypertens,1.0342857142857143
hypothes,1.0315151515151515
hypothesi,1.0215384615384615
ical,1.02
icon,1.02
ict,1.0266666666666666
idea,1.0157837837837838
ideal,1.0226666666666666
ident,1.0227027027027027
identif,1.0263829787234042
identifi,1.014560669456067
ieee,1.02
ignor,1.0223529411764707
ill,1.0251428571428571
illeg,1.0226666666666666
illustr,1.0053333333333334
imag,1.0301699346405229
imageri,1.0133333333333334
imagin,1.0192
imbal,1.0218181818181817
imit,1.0133333333333334
immedi,1.025287356321839
immens,1.0133333333333334
immers,1.0215384615384615
immigr,1.02
immun,1.022857142857143
impact,1.0204188481675394
impair,1.0219047619047619
impedi,1.018181818181818
imper,1.0114285714285713
imperson,1.022857142857143
implement,1.0166742596810934
impli,1.016551724137931
implic,1.0283636363636364
import,1.0131830985915493
importantli,1.0114285714285713
impos,1.0204081632653061
imposs,1.028
impound,0.0
impress,1.0273684210526315
improp,1.0133333333333334
improv,1.0211272141706924
inabl,1.015
inaccur,1.0218181818181817
inadequ,1.02
inadequaci,1.02
inbound,1.032
incent,1.0294736842105263
inch,1.0133333333333334
incharg,1.0337254901960784
incid,1.0288235294117647
inclin,1.0294736842105263
includ,1.0142986425339366
inclus,1.012
incom,1.0235175879396985
inconsist,1.024
inconveni,1.032857142857143
incorpor,1.0156363636363637
increas,1.0176163873370578
increasingli,1.0183783783783784
incred,1.03
increment,1.0210526315789474
incur,1.0133333333333334
inde,1.0157894736842106
independ,1.0194285714285714
indepth,1.0218181818181817
index,1.0239175257731958
indi,1.02
india,1.0308080808080808
indian,1.0320512820512822
indic,1.014530612244898
indigen,1.03
indirect,1.0127272727272727
indirectli,1.03
indispens,1.0218181818181817
individu,1.0127374301675978
indonesia,1.0178571428571428
indonesian,1.019047619047619
indoor,1.0276923076923077
induc,1.018
industri,1.0154761904761904
ineffect,1.019047619047619
ineffici,1.0141176470588236
inevit,1.02
infant,1.029090909090909
infect,1.022857142857143
infecti,1.02
infer,1.0216666666666667
infest,0.0
infirm,0.0
inflat,1.022857142857143
influenc,1.0300864553314122
influenti,1.010909090909091
inform,1.0146305779078273
infrar,1.03
infrastructur,1.0191836734693878
ingredi,1.0219354838709678
inhabit,1.028
inher,1.01
inhibit,1.024
initi,1.013189189189189
injur,1.035
injuri,1.0275862068965518
innov,1.0207157894736842
inocul,0.0
input,1.0296688741721853
inquir,0.0
inquiri,1.0171428571428571
insect,1.0266666666666666
insid,1.0248520710059172
insight,1.0158490566037737
inspect,1.021090909090909
inspector,1.0376470588235294
inspir,1.019047619047619
instabl,1.0266666666666666
instagram,1.0266666666666666
instal,1.02
instanc,1.0167857142857142
instant,1.016
instead,1.0152727272727273
instil,1.0266666666666666
institut,1.0196515679442508
instruct,1.016
instructor,1.0236842105263158
instrument,1.016551724137931
insuffici,1.0133333333333334
insul,1.02
insur,1.0345454545454547
intak,1.02
intang,1.02
integ,1.03
integr,1.0158730158730158
intellectu,1.0346666666666666
intellig,1.0248756218905473
intem,1.02
intemet,1.02625
intend,1.0148314606741573
intens,1.018857142857143
intent,1.03424
inter,1.0266666666666666
interact,1.0198333333333334
interchang,1.02
interconnect,1.0314285714285714
interest,1.0194019933554817
interfac,1.027956989247312
interfer,1.018
interior,1.016
intermedi,1.0177777777777777
intermediari,1.029090909090909
intern,1.015261044176707
internet,1.016544502617801
interoper,1.02
interpret,1.0225
interrupt,1.0233333333333334
intersect,1.0285714285714285
intervent,1.016
interview,1.0277966101694915
introduc,1.0202352941176471
introduct,1.0168051118210863
intrud,1.0327272727272727
intrus,1.0215384615384615
intuit,1.02
invent,1.0297142857142858
inventori,1.0245751633986928
invest,1.0159090909090909
investig,1.024812030075188
investor,1.018018018018018
invit,1.02
involv,1.0127835051546392
iron,1.02
irregular,1.0307692307692309
irrelev,1.02
irrespect,1.0218181818181817
irrig,0.0
island,1.0336842105263158
isnt,1.0266666666666666
isol,1.0174358974358975
issu,1.0127415143603133
issuanc,1.028888888888889
item,1.0196941896024465
iter,1.035
iti,1.030909090909091
jakarta,1.025
jame,1.0266666666666666
januari,1.0141176470588236
japan,1.0141176470588236
java,1.028
job,1.0180952380952382
john,1.0211764705882354
johnson,1.0066666666666666
join,1.015
joint,1.0208695652173914
jone,1.01
jordan,1.0218181818181817
journal,1.008
journey,1.0258823529411765
judg,1.01
judgment,1.0177777777777777
juli,1.0242857142857142
jump,1.022857142857143
june,1.010909090909091
jurisdict,1.0342857142857143
justic,1.022857142857143
justif,0.0
justifi,1.0266666666666666
jyoti,0.0
kala,0.0
keen,1.02
keep,1.0197402597402598
kept,1.010909090909091
key,1.0166666666666666
keyword,1.0314285714285714
khan,0.0
kill,0.0
kilomet,1.02
kind,1.0158823529411765
king,1.025
kingdom,1.0211764705882354
kitchen,1.034181818181818
know,1.0196571428571428
knowledg,1.01984496124031
knowledgebas,1.0266666666666666
known,1.014392523364486
kong,1.0133333333333334
kota,1.02
kumar,1.0251428571428571
label,1.0210169491525423
labor,1.0127777777777778
laboratori,1.025
labour,1.010909090909091
lack,1.0138095238095237
laid,1.022857142857143
lamin,1.0
land,1.0157894736842106
landfil,0.0
landlord,0.0
landmark,0.0
landscap,1.0233333333333334
lane,1.0285714285714285
langihan,1.022857142857143
languag,1.0331232091690545
laptop,1.0171428571428571
larg,1.0166795366795367
larger,1.0165853658536586
largescal,1.0252631578947369
largest,1.0197402597402598
larsen,1.0266666666666666
last,1.0172340425531914
lastli,1.016842105263158
late,1.018360655737705
latent,1.0314285714285714
later,1.0114285714285713
latest,1.0127272727272727
latitud,1.0333333333333334
latter,1.018181818181818
launch,1.0173684210526315
laundri,1.0366666666666666
law,1.016
lawyer,0.0
layer,1.0374634146341464
layout,1.02
lazi,1.022857142857143
lead,1.012109181141439
leader,1.0312000000000001
leadership,1.025
leaf,1.029090909090909
leak,1.0273684210526315
leakag,1.0385714285714285
leam,1.0364285714285715
leamer,1.03
lean,1.026
learn,1.0289236790606653
learner,1.0253763440860215
learningbas,1.0369230769230768
leash,0.0
least,1.0154166666666666
leav,1.014468085106383
lectur,1.0215384615384615
ledger,1.0177777777777777
left,1.0285714285714285
legaci,1.03
legal,1.0307692307692309
legisl,1.0266666666666666
leigh,0.0
len,1.0123076923076924
lend,1.0206185567010309
lender,0.0
length,1.0258333333333334
lesion,1.031111111111111
less,1.0154838709677418
lessen,1.0152
lesser,1.008
lesson,1.0272000000000001
let,1.02
letter,1.0357009345794392
level,1.0141791044776118
leverag,1.0171428571428571
lgu,0.0
liabil,1.0133333333333334
liber,1.02
libertad,0.0
librari,1.029879518072289
librarian,1.0338461538461539
licens,1.0175
lie,1.0105263157894737
life,1.013157894736842
lifestyl,1.0196363636363637
lifetim,1.022857142857143
light,1.02125
lighter,1.02
like,1.016770538243626
likelihood,1.022
likewis,1.0127272727272727
limit,1.015
line,1.0186259541984732
linear,1.0341176470588236
liner,0.0
linguist,1.032
link,1.0180952380952382
linkag,1.018181818181818
liquid,1.02
list,1.0224691358024691
listen,1.015
liter,1.024
literaci,1.02
literatur,1.0197818181818181
litig,0.0
litter,1.0342857142857143
littl,1.016470588235294
live,1.0169649805447472
livelihood,1.0155555555555555
livelinood,0.0
livestock,0.0
load,1.0253763440860215
loan,1.0377777777777777
local,1.012544378698225
locat,1.0254117647058822
lock,1.0171428571428571
lockdown,1.035
lodg,1.016
lodger,0.0
log,1.0192592592592593
logbook,0.0
logic,1.0133333333333334
logist,1.0188235294117647
logo,1.0377011494252875
long,1.0153846153846153
longer,1.021505376344086
longitud,1.0333333333333334
longterm,1.0152727272727273
look,1.01975
lose,1.0217142857142858
loss,1.0146596858638743
lost,1.016888888888889
lot,1.0175
love,1.0216666666666667
lowcost,1.01
lower,1.0130841121495326
lowest,1.0171428571428571
lowincom,1.0133333333333334
loyal,1.0367567567567568
loyalti,1.0361764705882353
lunch,1.02
lung,1.033548387096774
luong,0.0
luxuri,1.0333333333333334
luzon,0.0
machin,1.027900677200903
machineri,1.022857142857143
macro,1.02
made,1.018872403560831
magallan,0.0
magazin,1.0218181818181817
magnet,1.0275
magnitud,1.02
mail,1.01
main,1.0158513931888544
mainli,1.0162376237623763
maintain,1.0131736526946107
mainten,1.0155844155844156
major,1.0137827715355805
make,1.0135223555070882
maker,1.0177777777777777
malaysia,1.0230985915492958
malaysian,1.0266666666666666
male,1.02
mall,1.0352238805970149
malnutrit,1.0266666666666666
manag,1.0205352112676056
manageri,1.018181818181818
manapa,0.0
mandat,1.005
mandatori,1.0133333333333334
mango,1.0206060606060605
mani,1.0112345679012347
manifest,1.02
manila,0.0
manipul,1.0214634146341464
manner,1.0142857142857142
manobo,0.0
manpow,1.0116666666666667
manual,1.0275968992248061
manufactur,1.0211612903225806
manuscript,1.0333333333333334
map,1.0204651162790697
mar,1.02
march,1.0294117647058822
margin,1.0177777777777777
marin,1.0222222222222221
mark,1.0116363636363637
marker,1.0235294117647058
market,1.0229469548133596
marketplac,1.0066666666666666
martin,1.0171428571428571
martinez,0.0
masao,0.0
mask,1.0222222222222221
mass,1.014468085106383
massiv,1.0112
master,1.0072727272727273
match,1.0233663366336634
mate,1.015
materi,1.0144303797468355
mathemat,1.0066666666666666
matric,1.0246153846153847
matrix,1.008
matter,1.020900900900901
matur,1.0096551724137932
maxim,1.0175
maximum,1.0263736263736263
mayb,0.0
meal,1.016
mean,1.0145994065281898
meaning,1.0214285714285714
meant,1.0266666666666666
meanwhil,1.0206451612903227
measur,1.015392156862745
meat,1.0380645161290323
mechan,1.0193788819875775
media,1.0292682926829269
mediat,1.034
medic,1.0269662921348315
medicin,1.0169491525423728
medium,1.0147368421052632
mediums,1.0166666666666666
meet,1.02048
member,1.0297757847533633
membership,1.0270967741935484
membran,1.028
memor,1.0177777777777777
memorandum,0.0
memori,1.0213636363636365
ment,1.0155555555555555
mental,1.0130434782608695
mention,1.0133333333333334
menu,1.0275862068965518
merchant,1.0273684210526315
mere,1.02
messag,1.0146448087431694
messeng,1.028
metal,1.016
meter,1.0298507462686568
method,1.0298739977090492
methodolog,1.031590909090909
metric,1.0178260869565217
metro,1.0285714285714285
metropolitan,1.0166666666666666
michael,1.0177777777777777
micro,1.02
microcontrol,0.0
microfin,1.02
microgreen,0.0
microorgan,1.0307692307692309
microphon,1.0211764705882354
microsoft,1.0218181818181817
middl,1.0242424242424242
might,1.0152727272727273
migrat,1.025
milk,1.02
millenni,0.0
million,1.0154237288135592
mimic,1.02
mind,1.024
mindanao,1.02
mine,1.0263414634146342
miner,1.025945945945946
mini,1.029090909090909
minim,1.0138461538461538
minimum,1.0186666666666666
minist,1.0114285714285713
ministri,1.0218181818181817
minor,1.02
minut,1.0243037974683544
mirror,0.0
mismatch,1.0147368421052632
misplac,1.0366666666666666
miss,1.0157142857142858
mission,1.0096969696969698
mist,0.0
mistak,1.0208695652173914
misus,1.025
mitig,1.018888888888889
mix,1.0136
mixtur,1.025
mobil,1.0147136563876653
modal,1.0363636363636364
mode,1.018139534883721
model,1.0295287958115182
modem,1.022857142857143
moder,1.02625
modern,1.0174045801526717
modif,1.016
modifi,1.0148837209302326
modul,1.0230434782608695
moistur,1.0342857142857143
moment,1.0205714285714285
monday,1.0184615384615385
monetari,1.0191304347826087
money,1.02
monitor,1.0246563192904656
mono,1.03
month,1.0329842931937172
monthli,1.0353571428571429
mood,1.0145454545454546
moor,0.0
moral,1.0305882352941176
moreov,1.0154545454545454
morgan,0.0
morn,1.0273684210526315
mortal,1.0314285714285714
mostli,1.0163157894736843
mother,1.025
motion,1.0205128205128204
motiv,1.0046376811594202
motor,1.0176470588235293
motorcycl,1.0253164556962024
mount,1.02
mountain,1.0342857142857143
mouth,1.005
move,1.014488188976378
movement,1.0164102564102564
movi,1.02
msme,0.0
much,1.0138181818181817
multi,1.023030303030303
multifacet,1.0133333333333334
multimedia,1.023076923076923
multin,1.0266666666666666
multipl,1.0258823529411765
multiplay,0.0
multitask,1.03
mumbai,1.0307692307692309
municip,1.0212658227848102
muscl,1.0266666666666666
museum,1.0252631578947369
mushroom,1.035
music,1.0294736842105263
must,1.0132173913043478
mutual,1.0184615384615385
mysql,1.031111111111111
name,1.0166666666666666
narrow,1.0123076923076924
nation,1.011696750902527
nationwid,1.0338461538461539
nativ,1.0184615384615385
natur,1.0157706093189964
navig,1.0253333333333334
near,1.0106666666666666
nearbi,1.0133333333333334
nearest,1.0306976744186047
nearli,1.0114285714285713
necess,1.008888888888889
necessari,1.0105806451612904
necessarili,1.02
need,1.0127860262008734
neg,1.0213533834586466
neglect,1.0171428571428571
negoti,1.0266666666666666
neighbor,1.0175
neighborhood,1.0
neither,1.0155555555555555
network,1.0332631578947369
neural,1.037752808988764
never,1.02
nevertheless,1.02
newer,1.022857142857143
newli,1.012972972972973
news,1.0329032258064517
newspap,1.0057142857142858
next,1.0153459119496855
nichola,0.0
nigeria,1.032280701754386
night,1.0227027027027027
nine,1.028
nineti,1.02
ninetytwo,1.02
nitrogen,1.031111111111111
node,1.0364044943820225
none,1.0066666666666666
nonetheless,1.018
noodl,1.02
nordqvist,0.0
norm,1.0
normal,1.0162376237623763
normisist,1.02
nort,1.0242307692307693
north,1.0222222222222221
northeastern,0.0
northern,1.018181818181818
northwest,0.0
nose,1.0380952380952382
notabl,1.0213333333333334
note,1.0170666666666666
noteworthi,1.0166666666666666
noth,0.0
notic,1.034
notif,1.0327272727272727
notifi,1.03
notion,1.022
novel,1.0233333333333334
novemb,1.023076923076923
nowaday,1.020857142857143
number,1.0178283350568769
numer,1.0196153846153846
nurs,1.023157894736842
nutrient,1.0021052631578948
nutrit,1.0203389830508474
object,1.0204859813084113
oblig,1.0177777777777777
observ,1.0158241758241757
obsolet,1.0133333333333334
obstacl,1.02
obtain,1.0240860215053764
obviou,1.0114285714285713
occas,1.0266666666666666
occasion,1.0133333333333334
occup,1.0191304347826087
occupi,1.0213953488372094
occur,1.0179746835443038
occurr,1.0258823529411765
ocean,1.0252631578947369
octob,1.0207407407407407
odor,1.0206060606060605
offer,1.0189239332096476
offic,1.0263636363636364
offici,1.0148148148148148
offlin,1.02
offset,0.0
offsit,0.0
often,1.0134883720930232
older,1.0183333333333333
oldest,1.02
oliv,0.0
one,1.0114285714285713
ongo,1.0142857142857142
onlin,1.0238586156111928
onset,1.02
onsit,0.0
onto,1.0215384615384615
onward,1.031111111111111
open,1.0116129032258065
opencv,1.0342857142857143
opensourc,1.0222222222222221
openstreetmap,0.0
oper,1.014006968641115
opinion,1.0208955223880598
opportun,1.0172769953051644
optic,1.0289655172413794
optim,1.0345652173913042
optimum,1.0222222222222221
option,1.0148148148148148
orang,1.0155555555555555
orbit,1.0266666666666666
order,1.0231325301204819
ordinari,1.0175
organ,1.0139110604332953
organis,1.0206451612903227
organiz,1.022089552238806
orient,1.0272000000000001
origin,1.0176576576576577
other,1.012994923857868
otherwis,1.0177777777777777
outbreak,1.0172307692307692
outcom,1.0127102803738317
outdat,1.0266666666666666
outlet,1.0325
outlin,1.0223529411764707
outperform,1.0307692307692309
output,1.0258461538461539
outsid,1.022325581395349
outstand,1.0253333333333334
overal,1.0164444444444445
overcom,1.0289655172413794
overcrowd,1.0177777777777777
overflow,0.0
overhead,1.0294736842105263
overlap,1.024
overload,1.0333333333333334
overlook,1.018181818181818
overview,1.0324324324324325
owe,1.0155555555555555
own,1.012
owner,1.0200778210116732
ownership,1.0193103448275862
pace,1.0226666666666666
pacif,1.0345454545454547
pack,1.02
packag,1.0210526315789474
page,1.0153086419753086
paid,1.035
pain,1.025
paint,1.0342857142857143
pair,1.0066666666666666
palay,1.0210526315789474
palm,1.0389565217391303
pandem,1.0136216216216216
panel,1.0334246575342465
panicl,0.0
paper,1.0226893353941267
paperbas,1.028
paperless,0.0
paradigm,1.0133333333333334
parallel,1.031764705882353
paramet,1.03
parcel,0.0
parent,1.0261538461538462
park,1.0178947368421052
part,1.0127019498607241
parti,1.0170212765957447
partial,1.019047619047619
particip,1.007111111111111
particl,1.0
particular,1.0119101123595506
particularli,1.0142857142857142
partli,1.0177777777777777
partner,1.0218181818181817
partnership,1.0166666666666666
pass,1.0246153846153847
passeng,1.0225454545454546
passer,1.029090909090909
password,1.0304761904761905
past,1.0092753623188406
patent,1.0274285714285714
path,1.0238888888888888
pathogen,0.0
patholog,1.0213333333333334
pathway,1.02
patient,1.0184745762711864
patronag,1.02
pattem,1.0233333333333334
pattern,1.0253416149068324
paul,1.0333333333333334
pave,1.0092307692307692
pay,1.0315789473684212
payer,0.0
payment,1.032
payrol,1.0352
peak,1.0269767441860465
pedestrian,1.0358620689655171
pediatr,0.0
peer,1.0114285714285713
penalti,0.0
pend,1.0252631578947369
penetr,1.019047619047619
pension,0.0
peopl,1.0165348399246705
perceiv,1.032
percent,1.024123076923077
percentag,1.0224137931034483
percept,1.0261538461538462
perenni,1.0266666666666666
perfect,1.0094117647058825
perform,1.0195989974937343
perhap,1.016
period,1.021651376146789
perish,1.0218181818181817
perman,1.008888888888889
permiss,1.0133333333333334
permit,1.0195744680851064
persist,1.0152380952380953
person,1.016
personnel,1.0171428571428571
perspect,1.0193548387096774
pertain,1.004
pertin,1.02
pervas,1.016
peso,1.0321367521367522
pest,1.0372413793103448
pesticid,1.0213333333333334
pet,1.0369230769230768
peter,1.02
pharmaceut,1.02
pharmaci,0.0
phase,1.0257471264367817
phenomena,1.015
phenomenon,1.0074418604651163
philhealth,1.02
philippin,1.0257439446366783
phone,1.0210837438423646
photo,1.0166666666666666
photocopi,1.0323404255319149
photoelectr,0.0
photograph,1.008
phrase,1.0215384615384615
physic,1.0145291479820628
physiolog,1.0366666666666666
pick,1.016
pictur,1.0176190476190476
piec,1.0178571428571428
pig,0.0
piggeri,0.0
pile,1.028
pillar,1.02
pinpoint,0.0
pizza,1.0246153846153847
place,1.0160185185185184
placement,1.0293333333333334
plain,1.018181818181818
plan,1.0144297082228118
plane,1.0285714285714285
planet,1.0133333333333334
planner,0.0
plant,1.0170786516853934
plastic,1.0213333333333334
plate,1.0164102564102564
platform,1.015929203539823
play,1.015344827586207
player,1.0202597402597402
pleasant,1.0314285714285714
pleasur,0.0
plenti,1.024
plethora,1.0215384615384615
plot,1.03
plu,1.0133333333333334
plural,1.031111111111111
pneumonia,1.022857142857143
pocket,1.02
point,1.0127433628318585
pointofsal,1.0369230769230768
polic,1.0318518518518518
polici,1.015219512195122
polit,1.0103703703703704
pollut,1.0210169491525423
polymorph,1.0378947368421052
pond,1.0266666666666666
pool,1.0264935064935066
poor,1.0156701030927835
poorli,1.016
popul,1.0145173745173746
popular,1.0143661971830986
popularli,1.0266666666666666
port,1.0177777777777777
portabl,1.0224
portal,1.0316666666666667
portion,1.024888888888889
portray,1.02
pose,1.0162962962962963
posit,1.02
possess,1.013
possibl,1.0153159851301115
post,1.0106666666666666
poster,1.029090909090909
potent,1.0266666666666666
potenti,1.011549295774648
potteri,1.035
poverti,1.0174358974358975
powder,1.02
power,1.0209128630705395
practic,1.0152161383285303
practition,1.0194594594594595
precaut,1.02
preced,1.022857142857143
preciou,1.0333333333333334
precipit,1.022857142857143
precis,1.0355555555555556
predefin,1.03
predetermin,1.03
predict,1.031157894736842
preemptiv,0.0
prefer,1.0186301369863013
pregnanc,1.0211764705882354
pregnant,1.0357894736842106
preliminari,1.011764705882353
prematur,1.032
premis,1.0290196078431373
prepar,1.0136170212765958
prepared,1.0342857142857143
preprocess,1.0391836734693878
prerequisit,1.0218181818181817
preschool,1.0333333333333334
prescrib,1.016
prescript,1.0283333333333333
presenc,1.0115555555555555
present,1.0193511988716502
preserv,1.0179310344827586
presid,1.022
press,1.0233333333333334
pressur,1.0218181818181817
prevail,0.0
preval,1.02
prevent,1.0174874371859297
previou,1.016
previous,1.022857142857143
price,1.0234057971014492
primari,1.0148148148148148
primarili,1.0091228070175438
prime,1.031111111111111
princip,1.0274285714285714
principl,1.0177777777777777
print,1.01625
prior,1.0194871794871796
priorit,1.0177777777777777
prioriti,1.008888888888889
prison,1.02
privaci,1.0304761904761905
privat,1.02188679245283
privileg,1.024
proactiv,1.0188235294117647
probabl,1.0153846153846153
problem,1.0186232790988736
problemat,1.012
proce,1.0276923076923077
procedur,1.0173134328358209
proceed,1.0253333333333334
process,1.0174885145482389
processor,1.01
produc,1.0128083989501313
product,1.0222705771050142
profess,1.0171428571428571
profession,1.0169014084507042
profici,1.0218181818181817
profil,1.0142056074766355
profit,1.018888888888889
profound,1.02
program,1.015013698630137
programm,1.0266666666666666
progress,1.0157575757575759
prohibit,1.02
project,1.0138140417457306
prolifer,1.0133333333333334
prolong,1.0266666666666666
promin,1.016
promis,1.0211764705882354
promot,1.0221016949152542
prompt,1.0121739130434784
promptli,1.0266666666666666
prone,1.0244444444444445
proof,1.022
propag,1.0252631578947369
proper,1.015
properli,1.0135849056603774
properti,1.0218357487922705
propon,1.0313216957605984
proport,1.011764705882353
propos,1.025611866501854
proposit,1.028
prosoci,1.0266666666666666
prospect,1.0163265306122449
prosper,1.02
protect,1.0189655172413794
protein,1.0316279069767442
protocol,1.0197590361445783
prototyp,1.0254545454545454
prove,1.0171428571428571
proven,1.0215384615384615
provid,1.0129947722180732
provinc,1.0213333333333334
provinci,1.0257142857142858
provis,1.0211764705882354
proxim,1.01
psw,0.0
psycholog,1.0145454545454546
public,1.016184971098266
publicli,1.0285714285714285
publish,1.0192307692307692
pull,1.02
pump,1.0266666666666666
punch,0.0
purchas,1.0347663551401869
pure,1.0066666666666666
purok,0.0
purpos,1.0124087591240876
pursu,1.01375
pursuit,1.016
push,1.0225
put,1.0169230769230768
puzzl,1.0177777777777777
pyramid,1.025
python,1.020952380952381
qcredit,0.0
qualif,1.0133333333333334
qualifi,1.0151724137931035
qualit,1.02
qualiti,1.019568345323741
quantifi,1.0133333333333334
quantit,1.0215384615384615
quantiti,1.0303030303030303
quarantin,1.0361111111111112
quarter,1.0218181818181817
queri,1.0253333333333334
question,1.0175
questionnair,1.0266666666666666
queu,1.0369230769230768
queue,1.0218181818181817
quick,1.0133333333333334
quickli,1.0159090909090909
quit,1.012549019607843
quotat,1.0342857142857143
race,1.0133333333333334
rack,0.0
radic,1.029090909090909
radio,1.0104347826086957
rain,1.026046511627907
rainfal,1.0336842105263158
raini,1.0363636363636364
rais,1.013793103448276
rammohan,0.0
rampant,0.0
random,1.0314285714285714
randomli,1.018181818181818
rang,1.0180821917808218
rank,1.0162162162162163
rapid,1.0147126436781608
rapidli,1.0142465753424657
rare,1.01
raspberri,1.0393650793650793
rate,1.0136912751677853
rather,1.0148
ratio,1.0167441860465116
ration,1.026
rational,1.036
reach,1.0218502202643172
react,1.024
reaction,1.018181818181818
reactiv,1.025
read,1.0195555555555555
reader,1.01
readi,1.02125
readili,1.0257142857142858
real,1.0162352941176471
realist,1.0218181818181817
realiti,1.0244444444444445
realiz,1.0183333333333333
realli,1.0194285714285714
reallif,1.0327272727272727
realtim,1.0222222222222221
realworld,1.0272000000000001
reason,1.0196685082872927
recal,1.0213333333333334
receipt,1.0332075471698112
receiv,1.0294650205761318
recent,1.0217054263565892
recept,1.02
recip,1.0
recogn,1.02016
recognis,1.0266666666666666
recognit,1.0264285714285715
recommend,1.0234599156118143
record,1.0172750642673523
recov,1.0173333333333334
recoveri,1.018181818181818
recruit,1.0171428571428571
recycl,1.0283870967741935
redeem,1.02
redesign,1.0177777777777777
reduc,1.018490566037736
reduct,1.0154666666666667
redund,1.0218181818181817
refer,1.0139759036144578
referr,1.025
refil,1.0301234567901234
reflect,1.015049504950495
reform,1.0255072463768116
refresh,1.0171428571428571
refriger,1.02
refus,0.0
regard,1.020566037735849
regardless,1.0061538461538462
regenc,1.0184615384615385
regex,0.0
region,1.0165732087227415
regist,1.0197333333333334
registr,1.0296296296296297
regress,1.0
regul,1.016
regular,1.0288235294117647
regularli,1.0213333333333334
regulatori,1.0133333333333334
rehabilit,1.0171428571428571
reject,1.0147368421052632
rel,1.0176271186440677
relat,1.019634703196347
relationship,1.0264516129032257
relax,1.016842105263158
relay,1.0256
releas,1.0329943502824859
relev,1.0156521739130435
reli,1.0173076923076922
reliabl,1.0145714285714287
relianc,1.0133333333333334
relief,1.02
reloc,1.0266666666666666
remain,1.0223115577889448
remaind,1.0
remark,1.0146341463414634
remedi,1.0222222222222221
rememb,1.0114285714285713
remind,1.0350877192982457
remot,1.0203921568627452
remov,1.021492537313433
render,1.0133333333333334
renew,1.02
rent,1.0282352941176471
rental,0.0
renter,1.0285714285714285
repair,1.0214285714285714
repeat,1.0252631578947369
repetit,1.02
replac,1.0141538461538462
repli,1.0188235294117647
replic,1.0266666666666666
report,1.014406779661017
repres,1.0085981308411216
represent,1.03
republ,1.0296296296296297
reput,1.024516129032258
request,1.0175609756097561
requir,1.0150700280112044
requisition,0.0
rescu,1.022857142857143
research,1.01486971627099
resembl,1.0133333333333334
reserv,1.026470588235294
reset,0.0
resid,1.0207567567567568
residenti,1.0314285714285714
residu,1.0
resili,1.02
resist,1.0172972972972973
resolut,1.032
resolv,1.0133333333333334
resort,1.0156521739130435
resourc,1.0198009950248756
respect,1.0151219512195122
respiratori,1.0272000000000001
respond,1.0155102040816326
respons,1.0132475884244374
rest,1.021747572815534
restaur,1.0187709497206705
restor,1.028
restrain,1.025
restrict,1.0160975609756098
result,1.0199540229885058
retail,1.0332203389830508
retain,1.02
retent,1.0270967741935484
retinopathi,1.0333333333333334
retriev,1.0214432989690723
return,1.028256880733945
reus,1.0
reveal,1.0184615384615385
revenu,1.0176
revers,1.0236363636363637
review,1.0173015873015874
revis,1.0225
revisit,1.02
revolut,1.0175
revolution,1.02
revolutionari,1.0266666666666666
revolv,1.02
reward,1.0246153846153847
reynold,0.0
rice,1.0174169741697416
rich,1.012972972972973
ride,0.0
right,1.0183098591549296
rigor,1.0171428571428571
rise,1.0178947368421052
risk,1.0166129032258064
riski,1.016
river,1.0371428571428571
road,1.027605633802817
roam,1.0266666666666666
robert,0.0
robot,1.036140350877193
robust,1.028421052631579
rock,1.016
role,1.015639097744361
room,1.0312925170068028
root,1.0222222222222221
rose,1.0213333333333334
rotat,1.022857142857143
round,1.022857142857143
rout,1.0210526315789474
routin,1.016551724137931
rtpcr,1.0266666666666666
rubber,1.022857142857143
rule,1.0218666666666667
rulebas,1.028
run,1.0158139534883721
rural,1.0282993197278911
rush,1.02
rust,0.0
sack,1.028
safe,1.0168115942028986
safeguard,1.0184615384615385
safer,1.02
safeti,1.0194594594594595
said,1.0206949806949808
sake,1.025
salari,1.0223728813559323
sale,1.035497076023392
salin,1.0346666666666666
salt,1.02875
saltwat,0.0
sampl,1.0155844155844156
sandwich,1.0215384615384615
sanit,1.030843373493976
sanitari,1.0305882352941176
sarscov2,1.0327272727272727
satellit,1.0234482758620689
satisfact,1.0328358208955224
satisfactori,1.024
satisfi,1.0193406593406593
saturday,1.0123076923076924
saudi,1.0174545454545454
save,1.0153246753246754
say,1.020952380952381
scalabl,1.023157894736842
scale,1.0166336633663366
scan,1.0203508771929826
scandal,1.02
scanner,0.0
scape,0.0
scarc,1.0171428571428571
scarciti,1.016
scatter,1.0133333333333334
scenario,1.0141176470588236
schedul,1.0174324324324324
scheme,1.0262857142857142
scholar,1.0223529411764707
scholarship,0.0
school,1.0209811320754718
scienc,1.025
scientif,1.025
scientist,1.0327272727272727
scope,1.0140350877192983
score,1.016231884057971
scratch,1.0266666666666666
screen,1.0208695652173914
seafood,1.0297142857142858
seal,1.024
search,1.020959409594096
season,1.0129032258064516
seat,1.0235294117647058
second,1.0177142857142858
secondari,1.0247619047619048
secretari,1.0266666666666666
section,1.0327659574468084
sector,1.0152127659574468
secur,1.021111111111111
see,1.0215384615384615
seed,1.0066666666666666
seek,1.0171428571428571
seem,1.0097959183673468
seen,1.0169230769230768
segment,1.0269268292682927
segreg,1.0057142857142858
seizur,1.036
select,1.0185945945945947
self,1.0148148148148148
selforgan,1.0282352941176471
sell,1.0201526717557252
seller,1.0354545454545454
semant,1.0061538461538462
semest,1.024
seminar,1.0125
send,1.0243346007604563
sender,1.0222222222222221
senior,1.0273684210526315
sens,1.0205263157894737
sensit,1.0264285714285715
sensor,1.022716049382716
sensori,1.018181818181818
sent,1.0269662921348315
sentiment,1.0298181818181817
separ,1.0202531645569621
sept,1.02
septemb,1.0193103448275862
sequenc,1.0323404255319149
seri,1.0237037037037038
seriou,1.016271186440678
serious,1.0175
serv,1.0165925925925925
server,1.0346268656716417
servic,1.0190852904820766
set,1.0181512605042018
settlement,1.0373333333333334
setup,1.0066666666666666
seven,1.0297297297297296
sever,1.0216793893129772
shake,0.0
shall,1.019672131147541
shape,1.0185858585858585
share,1.008135593220339
sharehold,1.02
sharma,1.0235294117647058
sharp,1.01
sheet,1.0232258064516129
shelter,0.0
shield,1.0363636363636364
shift,1.0084848484848485
ship,1.0066666666666666
shop,1.0273303167420815
short,1.0168807339449542
shortag,1.019591836734694
shortcom,1.0266666666666666
shorter,1.029090909090909
shortterm,1.0066666666666666
show,1.0238842975206612
showcas,1.0171428571428571
shown,1.0167567567567568
shut,1.0133333333333334
sick,1.02
side,1.018846153846154
sign,1.0180645161290323
signal,1.0297520661157025
signatur,1.022
signifi,1.0151724137931035
signific,1.014355828220859
significantli,1.0175
similar,1.0288757396449704
similarli,1.016551724137931
simpl,1.00625
simpler,1.0171428571428571
simplest,1.02
simpli,1.0154545454545454
simplic,1.0133333333333334
simul,1.0336363636363637
simultan,1.02375
sinc,1.0130666666666666
singapor,1.0218181818181817
singh,1.02
singl,1.020967741935484
sion,1.01
sit,1.0145454545454546
site,1.0130434782608695
situat,1.0130316742081449
sixti,0.0
size,1.018201058201058
skill,1.0176991150442478
skin,1.0236065573770492
skip,1.035
sleep,1.0346666666666666
slide,1.025
slip,1.0066666666666666
slope,1.037037037037037
slot,1.02
slow,1.0157377049180327
slowli,1.02
small,1.0147169811320755
smaller,1.0185714285714287
smallscal,1.0235294117647058
smart,1.0272592592592593
smarter,1.0285714285714285
smartphon,1.0215094339622641
sme,1.0
smell,1.023030303030303
smoke,1.0266666666666666
smoker,0.0
smoothli,1.018181818181818
snack,1.0333333333333334
snapchat,1.0342857142857143
sneez,1.031111111111111
snow,1.0342857142857143
socal,1.022857142857143
social,1.022159090909091
societ,1.0066666666666666
societi,1.0123076923076924
socio,1.0307692307692309
sociocultur,1.02
socioeconom,1.0177777777777777
sociolog,1.02
soft,1.0208
softwar,1.02512
soil,1.0243137254901962
solar,1.0257142857142858
sold,1.0296969696969698
sole,1.0133333333333334
solid,1.0214084507042254
solut,1.0225454545454546
solv,1.022528735632184
somehow,1.0114285714285713
someon,1.0191304347826087
someth,1.0171428571428571
sometim,1.0232380952380953
somewhat,1.0177777777777777
soon,1.0183333333333333
sophist,1.02
sort,1.0226666666666666
sought,1.0085714285714287
sound,1.0162162162162163
sourc,1.0104294478527607
south,1.0177777777777777
southeast,1.0222222222222221
southern,1.032
space,1.0180821917808218
span,1.01
spatial,1.028888888888889
spe,0.0
speak,1.02
speaker,1.024
speci,1.0234482758620689
special,1.0136082474226804
specialist,1.0226086956521738
specialti,1.024
specif,1.0105912596401028
specifi,1.015
spectrum,1.0218181818181817
speech,1.0271604938271606
speed,1.021917808219178
spell,1.0285714285714285
spend,1.0271698113207548
spent,1.0127272727272727
spice,1.0177777777777777
spider,1.02
spirit,1.022857142857143
spiritu,0.0
spite,1.0133333333333334
split,1.024
spoken,1.017391304347826
sport,1.0061538461538462
spot,1.0207407407407407
spotlight,1.02
sprawl,0.0
spray,1.022857142857143
spread,1.0185945945945947
squar,1.0165853658536586
ssfau,0.0
stabil,1.0212244897959184
stabl,1.017391304347826
staff,1.0177391304347827
stage,1.0203468208092485
stakehold,1.0155102040816326
stamler,0.0
stand,1.014857142857143
standard,1.0137777777777779
stapl,1.028
star,1.0254545454545454
start,1.023886925795053
startup,1.0266666666666666
state,1.016247723132969
statement,1.0168627450980392
station,1.0207547169811322
stationari,1.0133333333333334
statist,1.01768115942029
statista,1.025
statu,1.0196610169491525
stay,1.008888888888889
steadi,1.0285714285714285
steadili,1.02
steal,1.022857142857143
steel,1.0171428571428571
stem,1.018181818181818
step,1.0230508474576272
steril,0.0
stick,1.0277777777777777
stil,0.0
still,1.0196989247311827
stimul,1.020952380952381
stipul,0.0
stock,1.036652719665272
stolen,1.0352380952380953
stop,1.022857142857143
storag,1.0115254237288136
store,1.026537216828479
stori,1.0215384615384615
storm,0.0
straight,1.0272000000000001
straightforwardli,1.022857142857143
strand,1.0266666666666666
strateg,1.0126530612244897
strategi,1.0203835616438357
stray,0.0
stream,1.0191304347826087
streamlin,1.02
street,1.0142222222222221
strength,1.0216666666666667
strengthen,1.016
stress,1.0264516129032257
strict,1.023076923076923
strictli,1.0214285714285714
strike,0.0
string,1.02
strive,1.0266666666666666
strobe,0.0
stroke,1.0333333333333334
strong,1.0166666666666666
stronger,1.0246153846153847
strongli,1.02
struck,1.02
structur,1.0225482625482625
struggl,1.0147368421052632
stud,1.0133333333333334
student,1.0190347923681258
studi,1.0127064220183486
style,1.0183783783783784
subcategori,1.02
subdivid,0.0
subject,1.0172121212121212
submiss,1.02
submit,1.024186046511628
subscrib,1.0236363636363637
subsequ,1.0213333333333334
subsist,1.022857142857143
substanc,1.03
substanti,1.0135714285714286
substitut,1.0215384615384615
succeed,1.024
success,1.0154773869346734
sudden,1.023157894736842
suddenli,1.02
suffer,1.0227450980392156
suffici,1.008888888888889
sugar,1.0266666666666666
suggest,1.020110497237569
suit,1.0207692307692309
suitabl,1.01625
sulfid,0.0
sum,1.02
summar,1.0384
summari,1.0224
summer,1.0177777777777777
sunday,1.0225
sunlight,1.03
super,1.01
superior,1.0175
supermarket,1.015
supervis,1.0244444444444445
supplement,1.01
suppli,1.0232335329341318
supplier,1.0343362831858407
support,1.0151063829787235
suppos,1.0244444444444445
sure,1.017391304347826
surf,1.029090909090909
surfac,1.0174117647058825
surg,1.03
surgic,1.022857142857143
surigao,1.0334545454545454
surpass,1.024
surpris,1.0233333333333334
surprisingli,1.0166666666666666
surround,1.012
surveil,1.03
survey,1.0158333333333334
surviv,1.022
suscept,1.0188235294117647
suspect,1.0186666666666666
suspend,1.02
suspens,1.0133333333333334
suspici,1.0342857142857143
sustain,1.0180392156862745
swap,0.0
swathi,0.0
sweet,1.022857142857143
switch,1.016
symbol,1.0208
symptom,1.0194871794871796
synchron,1.0293333333333334
syndic,1.02
syndrom,1.0254545454545454
syntact,1.035
system,1.0216885871871022
systemat,1.0225641025641026
systol,0.0
tabl,1.027710843373494
tablet,1.02
tackl,1.0184615384615385
tactic,1.0246153846153847
tag,1.02
tailor,1.018
take,1.0145360824742269
taken,1.0145762711864408
talent,1.01
talk,1.016470588235294
talli,1.0333333333333334
tamper,1.022857142857143
tangibl,1.02
tank,1.0339130434782609
tap,1.02
target,1.0143589743589743
tariff,1.0272727272727273
tarpaulin,1.02
task,1.024935064935065
tast,1.018723404255319
tata,1.02
taught,1.0222222222222221
tauschek,0.0
tavilla,0.0
tax,0.0
taxonomi,1.0257142857142858
taxpay,0.0
teach,1.0258823529411765
teacher,1.0204958677685951
teachinglearn,1.02
team,1.022857142857143
tech,1.022857142857143
technic,1.0155102040816326
techniqu,1.0346604215456674
technolog,1.0171539961013645
technologybas,1.0254545454545454
tediou,1.0234482758620689
teenag,1.0307692307692309
telecommun,1.0229787234042553
telegraph,0.0
telephon,1.0316666666666667
televis,1.0066666666666666
tell,1.0173333333333334
temperatur,1.0245378151260505
templat,1.022857142857143
temporari,1.0225
temporarili,1.0273684210526315
tenant,0.0
tend,1.0151020408163265
tendenc,1.0053333333333334
tension,1.01
term,1.0182068965517241
termin,1.0234482758620689
terrain,1.022857142857143
terribl,1.0285714285714285
territori,1.0175
tertiari,1.015
tesda,0.0
test,1.0191849529780563
text,1.0235087719298246
textur,1.0269565217391303
thailand,1.0224
that,0.0
theft,1.03044776119403
themat,1.0366666666666666
theme,1.0236363636363637
theoret,1.03
theori,1.0225954198473282
there,0.0
therebi,1.0066666666666666
therefor,1.0163503649635037
thesi,1.0225
theyr,1.016
thief,0.0
thiev,1.035
thing,1.0237908496732027
thingsen,0.0
think,1.0188235294117647
third,1.0175757575757576
thirdparti,1.0133333333333334
thoma,1.0285714285714285
thorough,1.0133333333333334
though,1.0140298507462686
thought,1.0136170212765958
thousand,1.0276288659793815
threat,1.0089795918367348
threaten,1.0066666666666666
three,1.0208955223880598
throughout,1.0144
throw,1.022857142857143
thru,1.023157894736842
thu,1.0125538461538461
ticket,1.0225
tide,0.0
tie,1.028
tightli,1.0266666666666666
till,1.024
tiller,0.0
time,1.0138325391422736
timeconsum,1.0224
timeseri,1.0294736842105263
timeslot,1.022857142857143
timet,1.0266666666666666
tion,1.02
tirachini,0.0
tire,1.02
tissu,1.035294117647059
titl,1.0147368421052632
tobacco,1.0325
today,1.014010152284264
togeth,1.01875
token,1.0285714285714285
toler,1.012
ton,1.0344444444444445
took,1.0338461538461539
tool,1.0155775577557755
topic,1.016842105263158
total,1.02175
touch,1.0169230769230768
tough,1.022857142857143
tour,1.0188235294117647
tourism,1.0153513513513515
tourist,1.0123076923076924
toward,1.0218897637795274
town,1.011764705882353
toxic,1.0285714285714285
trace,1.028
tracer,0.0
track,1.023399209486166
tracker,1.0222222222222221
tract,1.036
trade,1.0232558139534884
trader,1.0305882352941176
tradit,1.0154152823920266
traffic,1.0209326424870466
train,1.0258555133079847
traine,1.038918918918919
trainer,1.0388235294117647
trait,1.0283870967741935
trajectori,1.02
transact,1.014703557312253
transfer,1.0242105263157895
transform,1.0264
transit,1.0179591836734694
translat,1.0253968253968253
transmiss,1.020327868852459
transmit,1.0353846153846153
transmitt,1.0327272727272727
transpar,1.016
transport,1.0213333333333334
trap,1.0285714285714285
trash,1.02
travel,1.0170403587443946
travers,1.0342857142857143
treadmil,1.0266666666666666
treasur,1.0285714285714285
treat,1.0171428571428571
treatment,1.018139534883721
tree,1.0232727272727273
tremend,1.0094117647058825
trend,1.0112328767123289
tri,1.0208163265306123
trial,1.0142857142857142
tribe,1.0257142857142858
trigger,1.0193548387096774
trillion,1.0183333333333333
trimest,0.0
trip,1.0258823529411765
tropic,1.029090909090909
troubl,1.0276923076923077
truck,1.0133333333333334
true,1.0194871794871796
trung,0.0
trust,1.0266666666666666
trustworthi,1.0294736842105263
tuesday,0.0
tuition,1.0186666666666666
ture,1.022857142857143
turn,1.0183561643835617
tutori,1.0342857142857143
twenti,1.0289655172413794
twitter,1.0278260869565217
twodimension,1.0355555555555556
twoway,1.0153846153846153
type,1.0167653758542141
typhoon,0.0
typic,1.0175
ultim,1.0164102564102564
umbrella,1.02
unabl,1.0147368421052632
unauthor,1.02
unavail,1.0266666666666666
unawar,1.02
uncertain,1.0222222222222221
uncertainti,1.0166666666666666
uncollect,0.0
undergo,1.016888888888889
undergon,1.014
undergradu,1.02
underli,1.0260869565217392
understand,1.0158095238095237
understood,1.0129032258064516
understudi,0.0
undertak,1.0163636363636364
undertaken,1.0133333333333334
undoubtedli,1.0133333333333334
unemploy,1.0171428571428571
unesco,1.0333333333333334
uneth,1.0373333333333334
unexpect,0.0
unfortun,1.016969696969697
unhealthi,1.031111111111111
unifi,1.0147368421052632
uniform,1.0195121951219512
uninterest,1.0266666666666666
union,1.0225
uniqu,1.0151898734177216
unit,1.0142056074766355
uniti,1.02
univers,1.0194350282485876
unknown,1.0133333333333334
unless,1.0133333333333334
unlik,1.0066666666666666
unnecessari,1.0285714285714285
unorgan,1.02
unpreced,1.0307692307692309
unpredict,1.018181818181818
unreli,1.0285714285714285
unsupervis,1.0365217391304349
unusu,1.01
upcom,1.02
updat,1.0184848484848485
upgrad,1.0218181818181817
uplift,1.015
upload,1.014857142857143
upon,1.0236619718309858
upper,1.0184615384615385
urban,1.0141592920353983
urea,0.0
urgent,1.011764705882353
urin,0.0
usabl,1.0246153846153847
usag,1.015030303030303
use,1.020203602192639
user,1.021469489414695
userfriendli,1.018181818181818
usernam,1.02
usual,1.0118421052631579
util,1.0198787878787878
utilis,0.0
utmost,1.02
vacant,0.0
vacat,1.02
vaccin,1.0114285714285713
valid,1.018
valley,1.0355555555555556
valu,1.0167920792079208
valuabl,1.011764705882353
vari,1.011764705882353
variabl,1.0201801801801802
varianc,1.0
variat,1.0275
varieti,1.0112
variou,1.01948310139165
vast,1.015111111111111
vector,1.0347058823529411
veget,1.0305882352941176
vehicl,1.0240963855421688
vehiclerel,0.0
vehicular,1.038181818181818
veloc,1.022857142857143
vend,0.0
vendor,1.0193548387096774
ventil,0.0
ventur,1.0214634146341464
verbal,1.0066666666666666
verif,1.0214285714285714
verifi,1.0167741935483872
versa,1.022857142857143
version,1.027
vessel,1.0066666666666666
viabl,1.024
vice,1.0222222222222221
vicent,1.02
vicin,1.0266666666666666
victim,1.0276923076923077
video,1.0234482758620689
view,1.014025974025974
vijay,0.0
villag,1.0133333333333334
violat,1.010909090909091
viral,1.022
virtual,1.0284375
viru,1.0246575342465754
virus,1.0258823529411765
visaya,0.0
visibl,1.0210526315789474
vision,1.014709677419355
visit,1.0260759493670886
visitor,1.0213333333333334
visual,1.017922077922078
vital,1.015
vitamin,1.0266666666666666
voic,1.0191304347826087
volum,1.011868131868132
vote,1.0233333333333334
vulner,1.0246153846153847
wage,1.0152380952380953
wait,1.0265384615384616
walk,1.0188235294117647
walkin,0.0
wall,1.0309433962264152
wang,1.0106666666666666
want,1.0175100401606425
warehous,1.0314285714285714
warm,1.016
warn,1.0289855072463767
wash,1.0174358974358975
wast,1.0232911392405064
watch,1.02
water,1.0199575371549894
wave,1.0184615384615385
way,1.0142222222222221
weak,1.020625
wealth,1.01
wear,1.0226086956521738
wearabl,1.02
weather,1.0243137254901962
webbas,1.0343661971830986
websit,1.0134351145038167
wed,1.0362264150943397
week,1.0302777777777778
weekli,1.02
weight,1.0280952380952382
welfar,1.025
well,1.014530612244898
wellb,1.0156521739130435
wellknown,1.0145454545454546
wellorgan,1.0285714285714285
went,1.016551724137931
west,1.0189473684210526
western,1.0166666666666666
whatev,1.020952380952381
wheat,1.02
wheel,1.0225
whenev,1.0195121951219512
wherea,1.0204651162790697
wherebi,1.022857142857143
wherein,1.0194285714285714
wherev,1.0293333333333334
whether,1.0135537190082644
whilst,1.016
white,1.0241379310344827
whole,1.0141176470588236
wholesal,1.02
whose,1.0145454545454546
wide,1.0186826347305389
wider,1.004
widespread,1.017391304347826
wifi,1.016470588235294
wild,1.0125
william,1.0171428571428571
willing,1.0066666666666666
wind,1.0253333333333334
window,1.028108108108108
wing,1.022857142857143
wipe,0.0
wire,1.018181818181818
wireless,1.0297435897435898
wisdom,1.02
wise,1.024
wish,1.0133333333333334
wit,1.0112
withdraw,0.0
within,1.0146175637393768
without,1.0125874125874126
women,1.0246728971962618
wonder,1.0066666666666666
wood,1.0243478260869565
wooden,0.0
word,1.0151196172248804
wordofmouth,0.0
work,1.020583430571762
worker,1.0143589743589743
workflow,1.029090909090909
workforc,1.0133333333333334
workload,1.0206060606060605
workout,0.0
workplac,1.0233333333333334
workshop,1.01
world,1.0121706864564008
worldwid,1.0159036144578313
worri,1.0171428571428571
wors,1.01
worsen,0.0
worth,1.0328358208955224
wouldnt,0.0
wrap,1.0266666666666666
wristband,0.0
write,1.0289655172413794
writer,1.0133333333333334
written,1.0053333333333334
wrong,1.012857142857143
wuhan,1.0222222222222221
yang,1.022857142857143
year,1.0258529411764705
yearli,1.0189473684210526
yellow,1.0
yield,1.0066666666666666
young,1.0203508771929826
younger,1.0114285714285713
your,0.0
youth,1.0216216216216216
zealand,1.022857142857143
zero,1.0184615384615385
zhang,1.03
zhao,1.02
zimbabw,1.02
zone,1.0184615384615385
